lang,spec,model,occ,sample,term,estimate,se,t,p,n_obs
python,author,base,janitor,1983-2000,outsourced,-0.05396449092650894,0.004293723962744418,-12.568225483227495,0.0,57297
python,author,base,janitor,1983-2000,union,0.25580107220089404,0.004812000274098835,53.158989532434944,0.0,57297
python,author,base,janitor,1983-2000,parttime,-0.129651079262076,0.004622910681773891,-28.045335111758344,0.0,57297
python,author,base,janitor,1983-2000,educ_cat[T.no_school],-0.18856099425949252,0.023100134494727583,-8.162766078376299,2.9531932455029164e-14,57297
python,author,base,janitor,1983-2000,educ_cat[T.primary],-0.1171718971081741,0.010530696463713747,-11.126699692838013,0.0,57297
python,author,base,janitor,1983-2000,educ_cat[T.hs_attend],-0.04994550024096085,0.010884484460639304,-4.588687725318989,7.650158336369728e-06,57297
python,author,base,janitor,1983-2000,educ_cat[T.hs_complete],0.0003538085020373573,0.011146426038733951,0.03174187859030948,0.9747079021460916,57297
python,author,base,janitor,1983-2000,educ_cat[T.some_college],0.02758735715756939,0.011195619066014168,2.4641207417743054,0.014534520685211882,57297
python,author,base,janitor,1983-2000,female,-0.08067573040288659,0.00368240591305646,-21.908429518006162,0.0,57297
python,author,base,janitor,1983-2000,black,-0.09912321954321124,0.005044669892008539,-19.64909928006117,0.0,57297
python,author,base,janitor,1983-2000,hispanic,-0.07279344920157822,0.0056549286586328185,-12.87256720568025,0.0,57297
python,author,base,janitor,1983-2000,age,0.027375777543484997,0.0007886546651895316,34.711995949337314,0.0,57297
python,author,base,janitor,1983-2000,age2,-0.000269325657044366,9.444368873884454e-06,-28.517062457090667,0.0,57297
python,author,base,janitor,1983-2000,msa,0.07199317352598662,0.005152442377123058,13.972630503474951,0.0,57297
python,author,base,janitor,1983-2000,central_city,-0.03751807126042486,0.0048463755592140926,-7.741470053655714,4.030109579389318e-13,57297
python,author,base,janitor,1983-2000,cc_unknown,-0.05905599968257205,0.014513224808697447,-4.069116303302979,6.668495662576213e-05,57297
python,author,base,janitor,1983-2000,geo_unidentified,0.02836541132554367,0.006442021199552135,4.403185032597486,1.6947944330603093e-05,57297
python,author,base,janitor,1983-2000_female,outsourced,-0.05593080459775522,0.0068434777438615485,-8.172862788649228,2.7533531010703882e-14,18353
python,author,base,janitor,1983-2000_female,union,0.26271793658394343,0.008109964918972368,32.39446029776822,0.0,18353
python,author,base,janitor,1983-2000_female,parttime,-0.03629757225294831,0.0062930996784695626,-5.767836854250436,2.8313678512859042e-08,18353
python,author,base,janitor,1983-2000_female,educ_cat[T.no_school],-0.21944451583630478,0.04057162619740221,-5.408817353501983,1.7126876206141617e-07,18353
python,author,base,janitor,1983-2000_female,educ_cat[T.primary],-0.13320595538124894,0.024481320705962793,-5.441126194993419,1.4613554522036054e-07,18353
python,author,base,janitor,1983-2000_female,educ_cat[T.hs_attend],-0.07689934294827729,0.02479450365633703,-3.1014673257483496,0.002188749454798522,18353
python,author,base,janitor,1983-2000_female,educ_cat[T.hs_complete],-0.040158492533803075,0.02524819106991164,-1.5905492960903682,0.11320817379954429,18353
python,author,base,janitor,1983-2000_female,educ_cat[T.some_college],-0.016091021988950318,0.02504913806728632,-0.6423782704908667,0.5213249521617458,18353
python,author,base,janitor,1983-2000_female,black,-0.06560904575596295,0.008502826690246363,-7.716145247464991,4.705125178361413e-13,18353
python,author,base,janitor,1983-2000_female,hispanic,-0.06495397544665188,0.009992571014502538,-6.500226553544838,5.692226690001689e-10,18353
python,author,base,janitor,1983-2000_female,age,0.01767712230889421,0.001364783398728267,12.952328058332268,0.0,18353
python,author,base,janitor,1983-2000_female,age2,-0.00016975303361167578,1.5749187154496247e-05,-10.778526659594165,0.0,18353
python,author,base,janitor,1983-2000_female,msa,0.06482927701486213,0.009366179102167721,6.9216354190641045,5.2705617648030056e-11,18353
python,author,base,janitor,1983-2000_female,central_city,-0.039572201899077404,0.00881190898816727,-4.49076380069465,1.1677493238826386e-05,18353
python,author,base,janitor,1983-2000_female,cc_unknown,-0.03612213568408852,0.024806341178713286,-1.4561653983492535,0.14683326188904067,18353
python,author,base,janitor,1983-2000_female,geo_unidentified,0.022013910040431194,0.010910437310276652,2.0176927298501655,0.04488968785421177,18353
python,author,base,janitor,1983-2000_male,outsourced,-0.05518254860461107,0.0056640600840783175,-9.742578254021229,0.0,38943
python,author,base,janitor,1983-2000_male,union,0.2508075623004385,0.005730706882792546,43.76555413321387,0.0,38943
python,author,base,janitor,1983-2000_male,parttime,-0.1950357282322208,0.006193946561970014,-31.48811929210264,0.0,38943
python,author,base,janitor,1983-2000_male,educ_cat[T.no_school],-0.18431344214805334,0.026422389733449955,-6.975653754539773,3.859912389714282e-11,38943
python,author,base,janitor,1983-2000_male,educ_cat[T.primary],-0.11727119794723488,0.012400004043564068,-9.457351589179662,0.0,38943
python,author,base,janitor,1983-2000_male,educ_cat[T.hs_attend],-0.04451046284786834,0.012071856419817943,-3.687126594282307,0.0002884623087544558,38943
python,author,base,janitor,1983-2000_male,educ_cat[T.hs_complete],0.010063271901317812,0.012134621251695465,0.8293025132458716,0.4078704412152354,38943
python,author,base,janitor,1983-2000_male,educ_cat[T.some_college],0.03699748920540171,0.01267814943265444,2.9182089548581303,0.0039019582678476716,38943
python,author,base,janitor,1983-2000_male,black,-0.10819486088158173,0.0064115620590648875,-16.874961184944333,0.0,38943
python,author,base,janitor,1983-2000_male,hispanic,-0.07785325913808454,0.007098148712181825,-10.968107642556568,0.0,38943
python,author,base,janitor,1983-2000_male,age,0.028505582293082816,0.0009586770922386368,29.734289599554884,0.0,38943
python,author,base,janitor,1983-2000_male,age2,-0.00027757724617555833,1.160599674237326e-05,-23.916708951169134,0.0,38943
python,author,base,janitor,1983-2000_male,msa,0.07773421243915145,0.006260423495571935,12.41676581370792,0.0,38943
python,author,base,janitor,1983-2000_male,central_city,-0.036199916266550086,0.005552573195981899,-6.519484748574955,5.115947665501608e-10,38943
python,author,base,janitor,1983-2000_male,cc_unknown,-0.07077445805760693,0.016502571314611372,-4.2886927563187225,2.7351851861423526e-05,38943
python,author,base,janitor,1983-2000_male,geo_unidentified,0.0339432456076358,0.007769438580315682,4.368815746047978,1.958613443542312e-05,38943
python,author,interactions,janitor,1983-2000,outsourced,-0.07264549110512854,0.005244178334943803,-13.852597388053358,0.0,57297
python,author,interactions,janitor,1983-2000,union,0.25538222063798466,0.004918509677160865,51.92268337375726,0.0,57297
python,author,interactions,janitor,1983-2000,parttime,-0.14297821026174876,0.005024280227032246,-28.457451376314545,0.0,57297
python,author,interactions,janitor,1983-2000,educ_cat[T.no_school],-0.18891093160215658,0.023031546391643225,-8.202268679219086,2.2870594307278225e-14,57297
python,author,interactions,janitor,1983-2000,educ_cat[T.primary],-0.11733008333505208,0.010536831520401331,-11.135233880116473,0.0,57297
python,author,interactions,janitor,1983-2000,educ_cat[T.hs_attend],-0.05054270726354498,0.010882135120045319,-4.644557957237945,5.991821121265062e-06,57297
python,author,interactions,janitor,1983-2000,educ_cat[T.hs_complete],-0.00020462285727656233,0.011149047014131051,-0.018353394421712417,0.985374275194838,57297
python,author,interactions,janitor,1983-2000,educ_cat[T.some_college],0.02682140069206028,0.011195584343032087,2.3957124407493207,0.01746141691326053,57297
python,author,interactions,janitor,1983-2000,female,-0.08012610512505283,0.003699404462132683,-21.65919026838732,0.0,57297
python,author,interactions,janitor,1983-2000,black,-0.09975106124775611,0.005050764190872005,-19.749696774209188,0.0,57297
python,author,interactions,janitor,1983-2000,hispanic,-0.072661529592396,0.005634392550727443,-12.896071570841269,0.0,57297
python,author,interactions,janitor,1983-2000,age,0.02695041891779492,0.0007922877036564184,34.01595000581023,0.0,57297
python,author,interactions,janitor,1983-2000,age2,-0.0002643921101389865,9.476383604851531e-06,-27.90010632364315,0.0,57297
python,author,interactions,janitor,1983-2000,msa,0.07149680533925985,0.005136012185705682,13.92068452217589,0.0,57297
python,author,interactions,janitor,1983-2000,central_city,-0.03695289839149919,0.004866048623043685,-7.594025718630278,9.898748487557896e-13,57297
python,author,interactions,janitor,1983-2000,cc_unknown,-0.05890347542668531,0.014472153763890352,-4.070125040659538,6.641789628192285e-05,57297
python,author,interactions,janitor,1983-2000,geo_unidentified,0.027825742501256464,0.0064509043842812305,4.313463794171064,2.4680955397871074e-05,57297
python,author,interactions,janitor,1983-2000,union_x_outsourced,-0.007204851429783545,0.013095879686089272,-0.5501616998999078,0.5827903917093842,57297
python,author,interactions,janitor,1983-2000,parttime_x_outsourced,0.05925530087485164,0.009451253212702931,6.26957076921923,2.0125774380375105e-09,57297
python,author,base,guard,1983-2000,outsourced,-0.22613015036896267,0.0067151273866619884,-33.67473725340143,0.0,18251
python,author,base,guard,1983-2000,union,0.18279935369155953,0.00951307865544608,19.215583126384633,0.0,18251
python,author,base,guard,1983-2000,parttime,-0.2241980197251504,0.009719990591347845,-23.065662216249272,0.0,18251
python,author,base,guard,1983-2000,educ_cat[T.no_school],-0.4718901564527792,0.08062564364256034,-5.8528544410116154,1.8276985924714495e-08,18251
python,author,base,guard,1983-2000,educ_cat[T.primary],-0.33160188280372116,0.019488724124177997,-17.015063720478807,0.0,18251
python,author,base,guard,1983-2000,educ_cat[T.hs_attend],-0.23040481866542478,0.014643084116415019,-15.734719327818317,0.0,18251
python,author,base,guard,1983-2000,educ_cat[T.hs_complete],-0.16367341040892636,0.015043419610629086,-10.880066809628921,0.0,18251
python,author,base,guard,1983-2000,educ_cat[T.some_college],-0.11871494974652784,0.014890894045098652,-7.972318477788306,9.681144774731365e-14,18251
python,author,base,guard,1983-2000,female,-0.05239141948824302,0.009099047305276062,-5.757901649534668,2.9791208611129605e-08,18251
python,author,base,guard,1983-2000,black,-0.059288499644732574,0.009573628623212373,-6.19289738281478,3.042748053516675e-09,18251
python,author,base,guard,1983-2000,hispanic,-0.08398235570647306,0.012915641567177758,-6.5023758417000055,5.624876120435829e-10,18251
python,author,base,guard,1983-2000,age,0.03837305602846907,0.0013576279037295427,28.264781478823732,0.0,18251
python,author,base,guard,1983-2000,age2,-0.0004210160398147477,1.5485981155230848e-05,-27.18691412539509,0.0,18251
python,author,base,guard,1983-2000,msa,0.08884175892808101,0.010961824803911169,8.104650504574964,4.241051954068098e-14,18251
python,author,base,guard,1983-2000,central_city,-0.03218995304657506,0.008026008044814362,-4.010705305406854,8.40197368585649e-05,18251
python,author,base,guard,1983-2000,cc_unknown,-0.09580381309487081,0.02647236311410756,-3.6190125030362466,0.0003701980223167478,18251
python,author,base,guard,1983-2000,geo_unidentified,0.012038855862531957,0.013865002722446434,0.8682909122723735,0.3862215972380474,18251
python,author,base,guard,1983-2000_female,outsourced,-0.19190955317016162,0.018646011961831487,-10.292257323603662,0.0,2787
python,author,base,guard,1983-2000_female,union,0.1350658833028224,0.025079835449560908,5.3854373795417825,1.920323269288815e-07,2787
python,author,base,guard,1983-2000_female,parttime,-0.23925505920123738,0.028346112817401535,-8.440489203668163,5.10702591327572e-15,2787
python,author,base,guard,1983-2000_female,educ_cat[T.no_school],-0.5073942735740914,0.16073749040863014,-3.156664150250096,0.0018292540453299644,2787
python,author,base,guard,1983-2000_female,educ_cat[T.primary],-0.36366989343426964,0.05994240107566897,-6.066989091330973,5.9557905274232326e-09,2787
python,author,base,guard,1983-2000_female,educ_cat[T.hs_attend],-0.3176184007751826,0.04157556382843363,-7.639545240706095,7.507328092515309e-13,2787
python,author,base,guard,1983-2000_female,educ_cat[T.hs_complete],-0.19014404336268484,0.04228151236523905,-4.497096549436774,1.1364759962884108e-05,2787
python,author,base,guard,1983-2000_female,educ_cat[T.some_college],-0.1536873371617974,0.04332920590659562,-3.546968700351901,0.00048010281589538906,2787
python,author,base,guard,1983-2000_female,black,-0.02635607624996976,0.023809362909524803,-1.1069626831311037,0.2695704455900807,2787
python,author,base,guard,1983-2000_female,hispanic,-0.08868975693745045,0.0376268833097832,-2.3570848589096567,0.019334438166014545,2787
python,author,base,guard,1983-2000_female,age,0.04245178194411978,0.003752939755339261,11.311607622724068,0.0,2787
python,author,base,guard,1983-2000_female,age2,-0.0004687043308641611,4.4758724630448027e-05,-10.471798174189162,0.0,2787
python,author,base,guard,1983-2000_female,msa,0.03782343748742792,0.02852950272677659,1.3257657467660113,0.1863508131860958,2787
python,author,base,guard,1983-2000_female,central_city,-0.019347437625127663,0.02515660819606883,-0.7690797373928592,0.4427060021082365,2787
python,author,base,guard,1983-2000_female,cc_unknown,-0.08261868334680701,0.04482646296862404,-1.8430783487119062,0.06672030398321382,2787
python,author,base,guard,1983-2000_female,geo_unidentified,-0.0504562574014674,0.03701203786150687,-1.3632391058894582,0.17426003866207695,2787
python,author,base,guard,1983-2000_male,outsourced,-0.23468816976980575,0.007149595258761419,-32.82537839917705,0.0,15255
python,author,base,guard,1983-2000_male,union,0.18955774995175345,0.010571912256638921,17.93031812505968,0.0,15255
python,author,base,guard,1983-2000_male,parttime,-0.2193682562339856,0.010831375705397522,-20.253037305747725,0.0,15255
python,author,base,guard,1983-2000_male,educ_cat[T.no_school],-0.4407683713238906,0.08581633868110554,-5.1361824344638,6.363908513495886e-07,15255
python,author,base,guard,1983-2000_male,educ_cat[T.primary],-0.31794977987188994,0.020998249320125128,-15.141728009066009,0.0,15255
python,author,base,guard,1983-2000_male,educ_cat[T.hs_attend],-0.21230607710052968,0.016235954187586332,-13.076291953499993,0.0,15255
python,author,base,guard,1983-2000_male,educ_cat[T.hs_complete],-0.15292799825590728,0.017089168594051893,-8.948826118383305,2.220446049250313e-16,15255
python,author,base,guard,1983-2000_male,educ_cat[T.some_college],-0.10742897831989036,0.016348309281719372,-6.571259233517016,3.8359959653178066e-10,15255
python,author,base,guard,1983-2000_male,black,-0.06338563064638181,0.010805582165356958,-5.866007927791078,1.707371177772643e-08,15255
python,author,base,guard,1983-2000_male,hispanic,-0.0845864397370148,0.014242174735789242,-5.939151941764698,1.1669459620833322e-08,15255
python,author,base,guard,1983-2000_male,age,0.03801794452652456,0.001486120487304525,25.58200687716796,0.0,15255
python,author,base,guard,1983-2000_male,age2,-0.0004170329660829795,1.6829927523729064e-05,-24.779249078464012,0.0,15255
python,author,base,guard,1983-2000_male,msa,0.1005335374255337,0.011799186515430762,8.520378696790475,3.1086244689504383e-15,15255
python,author,base,guard,1983-2000_male,central_city,-0.034454770694998485,0.008655942305020025,-3.9804760106841743,9.459814219603402e-05,15255
python,author,base,guard,1983-2000_male,cc_unknown,-0.09849750901609203,0.03120713776390304,-3.1562493735014376,0.0018317386734043595,15255
python,author,base,guard,1983-2000_male,geo_unidentified,0.02561087884002845,0.015263279846608602,1.677940724235559,0.09483920515532307,15255
python,author,interactions,guard,1983-2000,outsourced,-0.24352196934000853,0.00842576056264946,-28.902075667746445,0.0,18251
python,author,interactions,guard,1983-2000,union,0.1976347987464801,0.011016550494666237,17.93980782298114,0.0,18251
python,author,interactions,guard,1983-2000,parttime,-0.2943008409550079,0.011852020521368889,-24.831280069452383,0.0,18251
python,author,interactions,guard,1983-2000,educ_cat[T.no_school],-0.45809289166785166,0.08004378024782138,-5.72302920038962,3.5598038961026646e-08,18251
python,author,interactions,guard,1983-2000,educ_cat[T.primary],-0.3288704391134952,0.01922779114108388,-17.103911556996277,0.0,18251
python,author,interactions,guard,1983-2000,educ_cat[T.hs_attend],-0.23009974931401664,0.014617404516602194,-15.741491524892353,0.0,18251
python,author,interactions,guard,1983-2000,educ_cat[T.hs_complete],-0.16314739621824398,0.014800614954154181,-11.023014700646096,0.0,18251
python,author,interactions,guard,1983-2000,educ_cat[T.some_college],-0.11748006790106744,0.014796019960222418,-7.9399776572957155,1.1857181902996672e-13,18251
python,author,interactions,guard,1983-2000,female,-0.04846036795699936,0.009135957418833652,-5.304355716139719,2.8480668667896225e-07,18251
python,author,interactions,guard,1983-2000,black,-0.05872426163593395,0.009601262954918173,-6.116305939298631,4.583097013011184e-09,18251
python,author,interactions,guard,1983-2000,hispanic,-0.08543551745675977,0.012869323818538924,-6.638695137477659,2.630804463166214e-10,18251
python,author,interactions,guard,1983-2000,age,0.037180586203853505,0.0013515036740206006,27.510532837283854,0.0,18251
python,author,interactions,guard,1983-2000,age2,-0.00040886996012459817,1.5450567289469394e-05,-26.463103422957854,0.0,18251
python,author,interactions,guard,1983-2000,msa,0.08791146803516091,0.010910444290387948,8.057551617087721,5.706546346573305e-14,18251
python,author,interactions,guard,1983-2000,central_city,-0.030538597106333956,0.007978056297642118,-3.8278242177056976,0.0001703703045983218,18251
python,author,interactions,guard,1983-2000,cc_unknown,-0.09434876586340162,0.02610722180565193,-3.613895287892185,0.0003771472339295645,18251
python,author,interactions,guard,1983-2000,geo_unidentified,0.013802126818704574,0.01374441327305509,1.0041990548816389,0.3164328942103243,18251
python,author,interactions,guard,1983-2000,union_x_outsourced,-0.06510872986971063,0.018208013220110186,-3.575828350003616,0.0004328307098044881,18251
python,author,interactions,guard,1983-2000,parttime_x_outsourced,0.1728043041622559,0.01720605555072648,10.043225982433825,0.0,18251
python,author,base,janitor,2001-2025,outsourced,-0.034509565011717945,0.004161315225014011,-8.292946615598376,4.440892098500626e-15,60356
python,author,base,janitor,2001-2025,union,0.1401018962038785,0.005256194513873376,26.654625477441687,0.0,60356
python,author,base,janitor,2001-2025,parttime,-0.1473875315542088,0.004478587752065213,-32.90937673069907,0.0,60356
python,author,base,janitor,2001-2025,educ_cat[T.no_school],-0.30024358528135014,0.02191251603031428,-13.701921991339848,0.0,60356
python,author,base,janitor,2001-2025,educ_cat[T.primary],-0.2373518311980676,0.010950007612633096,-21.67595124995468,0.0,60356
python,author,base,janitor,2001-2025,educ_cat[T.hs_attend],-0.19661916007607286,0.010668290650811815,-18.4302402804437,0.0,60356
python,author,base,janitor,2001-2025,educ_cat[T.hs_complete],-0.10797384670910765,0.010256595112301469,-10.52726031659443,0.0,60356
python,author,base,janitor,2001-2025,educ_cat[T.some_college],-0.07171782521298732,0.010563088704933969,-6.789474860652099,6.497291593632326e-11,60356
python,author,base,janitor,2001-2025,female,-0.09572320752049147,0.003512463753249227,-27.25243995242431,0.0,60356
python,author,base,janitor,2001-2025,black,-0.09622119278108522,0.005471905473738504,-17.58458607205164,0.0,60356
python,author,base,janitor,2001-2025,hispanic,-0.05668735874969975,0.0053622702346740455,-10.57152218535021,0.0,60356
python,author,base,janitor,2001-2025,age,0.020503367246325857,0.0007013711544821144,29.233262752964716,0.0,60356
python,author,base,janitor,2001-2025,age2,-0.00019066051366569678,7.937280273704084e-06,-24.020887141575184,0.0,60356
python,author,base,janitor,2001-2025,msa,0.04918491473466113,0.005164427716959595,9.523788003294449,0.0,60356
python,author,base,janitor,2001-2025,central_city,-0.030415316643108807,0.004549918833474405,-6.684804225371882,1.209472522134547e-10,60356
python,author,base,janitor,2001-2025,cc_unknown,-0.044562498291288125,0.005277061626505761,-8.444566587484683,1.5543122344752192e-15,60356
python,author,base,janitor,2001-2025,geo_unidentified,0.014589134421497266,0.01843608390518413,0.7913358659316405,0.4294037989432886,60356
python,author,base,guard,2001-2025,outsourced,-0.0966655073813364,0.006028039480643417,-16.035977815297684,0.0,24143
python,author,base,guard,2001-2025,union,0.13141987609022932,0.009847487437703981,13.345523609103571,0.0,24143
python,author,base,guard,2001-2025,parttime,-0.1929638954171461,0.008975206333272047,-21.499661205760624,0.0,24143
python,author,base,guard,2001-2025,educ_cat[T.no_school],-0.2597966355985961,0.16558680124449068,-1.5689453123440895,0.11776636720489875,24143
python,author,base,guard,2001-2025,educ_cat[T.primary],-0.45648835868063975,0.024238982434505285,-18.83281857702112,0.0,24143
python,author,base,guard,2001-2025,educ_cat[T.hs_attend],-0.3531822996062695,0.01389903208504672,-25.410567976617656,0.0,24143
python,author,base,guard,2001-2025,educ_cat[T.hs_complete],-0.2185659434826914,0.011146067875057848,-19.609242105172182,0.0,24143
python,author,base,guard,2001-2025,educ_cat[T.some_college],-0.17938593601874306,0.010885180614555373,-16.47983091606886,0.0,24143
python,author,base,guard,2001-2025,female,-0.08307211889396268,0.006891295673164382,-12.054644414323494,0.0,24143
python,author,base,guard,2001-2025,black,-0.06853896002000139,0.007726551238555589,-8.870576005241652,0.0,24143
python,author,base,guard,2001-2025,hispanic,-0.03699446639585672,0.008754501055464808,-4.2257652562351025,3.2058691726843946e-05,24143
python,author,base,guard,2001-2025,age,0.03140873648826823,0.0011277743267479646,27.85019639420065,0.0,24143
python,author,base,guard,2001-2025,age2,-0.0003266479976236466,1.2674079975017683e-05,-25.772915925062314,0.0,24143
python,author,base,guard,2001-2025,msa,0.061468833426153925,0.011542156736786996,5.325593372878168,2.03945189403143e-07,24143
python,author,base,guard,2001-2025,central_city,-0.03791112831930805,0.007262951918686373,-5.219796130244094,3.4492271550057296e-07,24143
python,author,base,guard,2001-2025,cc_unknown,-0.0347029092003301,0.009583060178355862,-3.621276351651167,0.00034669858967784073,24143
python,author,base,guard,2001-2025,geo_unidentified,0.0025763318804057846,0.04460951584676375,0.05775296663733434,0.9539857319436351,24143
python,author,base,janitor,1983-1985,outsourced,-0.0658331053312548,0.009622947011205628,-6.841262375714442,1.149348860529642e-07,9947
python,author,base,janitor,1983-1985,union,0.25683941492722434,0.010135863306877805,25.33966837861192,0.0,9947
python,author,base,janitor,1983-1985,parttime,-0.1091313239646432,0.012754537262302594,-8.55627465899469,1.154871087649667e-09,9947
python,author,base,janitor,1983-1985,educ_cat[T.no_school],-0.05933296935862305,0.07480857922437227,-0.793130546974653,0.4337305285919486,9947
python,author,base,janitor,1983-1985,educ_cat[T.primary],-0.07792382309066198,0.024551312803044418,-3.173916756133678,0.0033864644189325332,9947
python,author,base,janitor,1983-1985,educ_cat[T.hs_attend],-0.002840984348420947,0.022758358221888517,-0.12483257011433044,0.9014621016050657,9947
python,author,base,janitor,1983-1985,educ_cat[T.hs_complete],0.009620697576502999,0.03314731942872184,0.29024059086258286,0.7735649189976868,9947
python,author,base,janitor,1983-1985,educ_cat[T.some_college],0.036827750351675084,0.025804914142136606,1.427160352048581,0.1635295115135329,9947
python,author,base,janitor,1983-1985,female,-0.10250232918071256,0.008288280578782633,-12.3671403503292,1.5987211554602254e-13,9947
python,author,base,janitor,1983-1985,black,-0.10685651206652143,0.012251527601984502,-8.721892937596843,7.549760816516482e-10,9947
python,author,base,janitor,1983-1985,hispanic,-0.09791283608834751,0.014559561027404005,-6.724985451419585,1.5887460214081273e-07,9947
python,author,base,janitor,1983-1985,age,0.03156223631248424,0.0017945737982821752,17.587594526732,0.0,9947
python,author,base,janitor,1983-1985,age2,-0.00032169259501787503,2.1137689466504638e-05,-15.2189100671404,6.661338147750939e-16,9947
python,author,base,janitor,1983-1985,msa,0.02189398334759563,0.01152975882280874,1.8989107824427227,0.06691786562427304,9947
python,author,base,janitor,1983-1985,central_city,-0.002904197467255392,0.015504518594158672,-0.18731297264202373,0.852635860652716,9947
python,author,base,janitor,1983-1985,geo_unidentified,0.03487143873476711,0.01704380864132863,2.0459886325060705,0.04932054237152528,9947
python,author,base,janitor,1986-1988,outsourced,-0.05681511696001694,0.010794678050586572,-5.263252567030442,7.230807175018228e-06,10643
python,author,base,janitor,1986-1988,union,0.2746545123531715,0.010489371083205754,26.18407816584098,0.0,10643
python,author,base,janitor,1986-1988,parttime,-0.1558885727067544,0.0074770201567416665,-20.849024001386066,0.0,10643
python,author,base,janitor,1986-1988,educ_cat[T.no_school],-0.23860919648209278,0.0476936706686654,-5.0029530781923714,1.5900366223897677e-05,10643
python,author,base,janitor,1986-1988,educ_cat[T.primary],-0.09814245706324562,0.025940384115727206,-3.783384880709748,0.0005813395624392204,10643
python,author,base,janitor,1986-1988,educ_cat[T.hs_attend],-0.02170358680974458,0.02722130093217031,-0.7973016008244904,0.4306518728661062,10643
python,author,base,janitor,1986-1988,educ_cat[T.hs_complete],0.025564713897672044,0.031012749554082095,0.8243291634974382,0.41533510180587263,10643
python,author,base,janitor,1986-1988,educ_cat[T.some_college],0.04261436881935266,0.03202737369192954,1.3305608267870837,0.1919379842245954,10643
python,author,base,janitor,1986-1988,female,-0.10051471286151795,0.007936244937061207,-12.665273521502295,1.2434497875801753e-14,10643
python,author,base,janitor,1986-1988,black,-0.10760257399498452,0.010540148323615103,-10.208829201568442,4.922950935792869e-12,10643
python,author,base,janitor,1986-1988,hispanic,-0.06497908854608803,0.01506186794341729,-4.314145416106028,0.0001246724648058528,10643
python,author,base,janitor,1986-1988,age,0.03305638796704377,0.0014262712470740826,23.176789152033418,0.0,10643
python,author,base,janitor,1986-1988,age2,-0.0003295827694117686,1.7281170981734507e-05,-19.07178453127535,0.0,10643
python,author,base,janitor,1986-1988,msa,0.0826830773498461,0.009746909413157416,8.483004596126818,5.212488218830913e-10,10643
python,author,base,janitor,1986-1988,central_city,-0.035754083814633304,0.01084909149136405,-3.2955832147875053,0.0022566236232375303,10643
python,author,base,janitor,1986-1988,geo_unidentified,0.020648364317214264,0.013313093794647733,1.5509816602896265,0.12990246260463034,10643
python,author,base,janitor,1989-1991,outsourced,-0.0668487831404699,0.01068841471325692,-6.254321612124279,3.5751613891576994e-07,10517
python,author,base,janitor,1989-1991,union,0.2920749973463485,0.0124931157322132,23.37887550286916,0.0,10517
python,author,base,janitor,1989-1991,parttime,-0.1483105728844584,0.012607327282543808,-11.763839357911351,1.0258460747536446e-13,10517
python,author,base,janitor,1989-1991,educ_cat[T.no_school],-0.22858753020506842,0.05337637088191952,-4.282560361976561,0.00013683027830535544,10517
python,author,base,janitor,1989-1991,educ_cat[T.primary],-0.12672061745286392,0.031139539793248783,-4.069444130973882,0.00025525519883617953,10517
python,author,base,janitor,1989-1991,educ_cat[T.hs_attend],-0.04087563435672336,0.030741535524713592,-1.3296549329444787,0.19223339614218937,10517
python,author,base,janitor,1989-1991,educ_cat[T.hs_complete],-0.0030245973190285392,0.040223476749271035,-0.07519482559605824,0.9404878614044268,10517
python,author,base,janitor,1989-1991,educ_cat[T.some_college],0.021865409754449935,0.03116277965646243,0.7016514571387268,0.48753627910735675,10517
python,author,base,janitor,1989-1991,female,-0.08855299661762722,0.007176964129203805,-12.338503442882761,2.6423307986078726e-14,10517
python,author,base,janitor,1989-1991,black,-0.0894966107758392,0.01053096792871241,-8.498422118619223,4.991447255520143e-10,10517
python,author,base,janitor,1989-1991,hispanic,-0.06354726803846597,0.01219229903407954,-5.212082467862755,8.44428647628348e-06,10517
python,author,base,janitor,1989-1991,age,0.0278715162966361,0.0018498407713475726,15.06698129284514,0.0,10517
python,author,base,janitor,1989-1991,age2,-0.000271855192849935,2.2111414715439136e-05,-12.294789652699793,2.930988785010413e-14,10517
python,author,base,janitor,1989-1991,msa,0.10876603377912278,0.011183495722065942,9.725584600932837,1.7469803381686688e-11,10517
python,author,base,janitor,1989-1991,central_city,-0.04643326479613157,0.010941913515204842,-4.243614677780818,0.00015343263538492025,10517
python,author,base,janitor,1989-1991,geo_unidentified,0.04341345416330205,0.011873316753437965,3.6563881066115345,0.0008327502858829217,10517
python,author,base,janitor,1992-1994,outsourced,-0.05715523032898341,0.009374159425394647,-6.097104576027329,5.752713960749389e-07,9457
python,author,base,janitor,1992-1994,union,0.24805720392603195,0.011247438226063054,22.05455135118884,0.0,9457
python,author,base,janitor,1992-1994,parttime,-0.1328491385380673,0.010035237524263179,-13.238265483688343,3.552713678800501e-15,9457
python,author,base,janitor,1992-1994,educ_cat[T.no_school],-0.07498042143820788,0.05580145266616399,-1.3437001700795028,0.18769231987653745,9457
python,author,base,janitor,1992-1994,educ_cat[T.primary],-0.09455649081209702,0.02631624081985524,-3.593085025303289,0.000994593750405226,9457
python,author,base,janitor,1992-1994,educ_cat[T.hs_attend],-0.06466458218763711,0.027306904446022896,-2.3680671060851486,0.02353570868858279,9457
python,author,base,janitor,1992-1994,educ_cat[T.hs_complete],0.0014213499737775325,0.025839444124013,0.05500698726164351,0.9564457016675147,9457
python,author,base,janitor,1992-1994,educ_cat[T.some_college],0.0351468208195064,0.024490098440554497,1.4351441218098517,0.1601226559174429,9457
python,author,base,janitor,1992-1994,female,-0.0716456745171341,0.00819242260314629,-8.745358728151874,2.503568463652073e-10,9457
python,author,base,janitor,1992-1994,black,-0.0958880638815756,0.010947084786843617,-8.759232777370594,2.408913069018581e-10,9457
python,author,base,janitor,1992-1994,hispanic,-0.09282090245845384,0.014793865661245385,-6.27428317816967,3.365902043750424e-07,9457
python,author,base,janitor,1992-1994,age,0.02636190547255422,0.0014702544485909116,17.93016541988321,0.0,9457
python,author,base,janitor,1992-1994,age2,-0.00025296393691311164,1.7156842590574274e-05,-14.744201071826959,2.220446049250313e-16,9457
python,author,base,janitor,1992-1994,msa,0.07147304912252551,0.013694907621684614,5.218950802512503,8.270309170610446e-06,9457
python,author,base,janitor,1992-1994,central_city,-0.05155647934473538,0.01107086480267983,-4.656951400242512,4.5013978624330875e-05,9457
python,author,base,janitor,1992-1994,geo_unidentified,0.0449100550161572,0.013344851923393216,3.3653468224275245,0.0018666882325415468,9457
python,author,base,janitor,1995-1997,outsourced,-0.05406491126313723,0.009532034195990323,-5.671917468139149,2.090387788422632e-06,8494
python,author,base,janitor,1995-1997,union,0.23372678844416592,0.011371633220626388,20.553493408512473,0.0,8494
python,author,base,janitor,1995-1997,parttime,-0.1036751032235247,0.011554162220201052,-8.972965866989592,1.3344259031100592e-10,8494
python,author,base,janitor,1995-1997,educ_cat[T.no_school],-0.2756158275558837,0.06178870098253295,-4.460618578691233,8.082312394819269e-05,8494
python,author,base,janitor,1995-1997,educ_cat[T.primary],-0.17411307675190255,0.025691404388716928,-6.777094553397361,7.423903336523097e-08,8494
python,author,base,janitor,1995-1997,educ_cat[T.hs_attend],-0.12787278240497815,0.02596918471833816,-4.924019902507016,2.0177408081689663e-05,8494
python,author,base,janitor,1995-1997,educ_cat[T.hs_complete],-0.04587248570983214,0.024497336078688904,-1.872549960635852,0.0695038030469195,8494
python,author,base,janitor,1995-1997,educ_cat[T.some_college],0.0024800007245812843,0.02854009401738121,0.0868953242785724,0.9312499600652315,8494
python,author,base,janitor,1995-1997,female,-0.055778581242217094,0.008570123444714228,-6.5084921590738,1.6613298137180266e-07,8494
python,author,base,janitor,1995-1997,black,-0.11251699040014214,0.01582965886978986,-7.107985795883155,2.7733097374138538e-08,8494
python,author,base,janitor,1995-1997,hispanic,-0.0749983054410671,0.014007373175220165,-5.354201997969422,5.48711631997989e-06,8494
python,author,base,janitor,1995-1997,age,0.01990715528775827,0.002292130957413837,8.684999093690134,2.9614444230219306e-10,8494
python,author,base,janitor,1995-1997,age2,-0.0001812862369256579,2.856810560608845e-05,-6.345756327889731,2.71258561168608e-07,8494
python,author,base,janitor,1995-1997,msa,0.06889568617641033,0.013612542148487236,5.061191761603964,1.3334162773492864e-05,8494
python,author,base,janitor,1995-1997,central_city,-0.031009491741634972,0.013011114467519857,-2.383307887963414,0.022716920954814146,8494
python,author,base,janitor,1995-1997,geo_unidentified,0.022112241671626006,0.016089893729167335,1.3742938296442269,0.17808730294151687,8494
python,author,base,janitor,1998-2000,outsourced,-0.029542905335873598,0.011385321802521955,-2.594823918752087,0.01373343654636372,8239
python,author,base,janitor,1998-2000,union,0.21208116838238525,0.010087094178048588,21.02500131741743,0.0,8239
python,author,base,janitor,1998-2000,parttime,-0.10540259844867922,0.008768881125987098,-12.020073819487914,5.573319583618286e-14,8239
python,author,base,janitor,1998-2000,educ_cat[T.no_school],-0.2396862944866319,0.04219972914447632,-5.679806466672674,2.040881974307851e-06,8239
python,author,base,janitor,1998-2000,educ_cat[T.primary],-0.13467919457368865,0.021441651769185284,-6.281194938873221,3.2963522911266807e-07,8239
python,author,base,janitor,1998-2000,educ_cat[T.hs_attend],-0.0941817194394161,0.024788805023347526,-3.7993650500986362,0.0005554797215632234,8239
python,author,base,janitor,1998-2000,educ_cat[T.hs_complete],-0.009708216707287203,0.02331721337578927,-0.41635407073846303,0.6796931856515049,8239
python,author,base,janitor,1998-2000,educ_cat[T.some_college],0.013641089182117446,0.02340153165653482,0.5829143742524309,0.5636881176674373,8239
python,author,base,janitor,1998-2000,female,-0.07392827218719879,0.010161099921288549,-7.275617084751962,1.6902457877776556e-08,8239
python,author,base,janitor,1998-2000,black,-0.08101038378646724,0.013472267507368806,-6.01312167696772,7.419860748036911e-07,8239
python,author,base,janitor,1998-2000,hispanic,-0.05642514093654526,0.011847360871679426,-4.762675970428737,3.2788327479549295e-05,8239
python,author,base,janitor,1998-2000,age,0.023920999909771725,0.001828020706216924,13.085737939629833,4.884981308350689e-15,8239
python,author,base,janitor,1998-2000,age2,-0.0002436493408769697,2.190759848700814e-05,-11.12168186857455,4.887201754399939e-13,8239
python,author,base,janitor,1998-2000,msa,0.08118803764572378,0.010507889326530056,7.726388727823984,4.525370966845799e-09,8239
python,author,base,janitor,1998-2000,central_city,-0.04865031903513014,0.009906401364534176,-4.910998176320892,2.098531108463142e-05,8239
python,author,base,janitor,1998-2000,cc_unknown,-0.06456787478038806,0.015955210164075695,-4.046820700974988,0.0002725914831180898,8239
python,author,base,janitor,1998-2000,geo_unidentified,0.09868409217254703,0.06995263297109547,1.410727344792346,0.16715184492195823,8239
python,author,base,janitor,2001-2003,outsourced,-0.04184162790540633,0.012873472025411361,-3.2502209056588462,0.0025507034651537364,8884
python,author,base,janitor,2001-2003,union,0.16353380512656515,0.010834884086188929,15.093267618342068,0.0,8884
python,author,base,janitor,2001-2003,parttime,-0.144086343354953,0.010266736535771915,-14.034288583613655,6.661338147750939e-16,8884
python,author,base,janitor,2001-2003,educ_cat[T.no_school],-0.35689130407904257,0.040814931856990914,-8.744135732715012,2.5120927560351447e-10,8884
python,author,base,janitor,2001-2003,educ_cat[T.primary],-0.2292142245146409,0.031099143460485278,-7.370435292080685,1.278865147114061e-08,8884
python,author,base,janitor,2001-2003,educ_cat[T.hs_attend],-0.1984856161845256,0.031113684642148254,-6.379367100598764,2.4510507490305145e-07,8884
python,author,base,janitor,2001-2003,educ_cat[T.hs_complete],-0.12678764477174043,0.030640156840774375,-4.137956781050736,0.00020907252501300988,8884
python,author,base,janitor,2001-2003,educ_cat[T.some_college],-0.05895008038402508,0.030044881096194458,-1.9620673550108276,0.05774507486043312,8884
python,author,base,janitor,2001-2003,female,-0.08285505311930108,0.009061048978813215,-9.144090635977685,8.350831137704517e-11,8884
python,author,base,janitor,2001-2003,black,-0.09847705210344386,0.012073363071410265,-8.156555180274303,1.313551489801057e-09,8884
python,author,base,janitor,2001-2003,hispanic,-0.07498591899280677,0.014471643977593644,-5.181575715164565,9.262137356413902e-06,8884
python,author,base,janitor,2001-2003,age,0.019293483037166072,0.0016640202158651517,11.594500387205375,1.5409895581797173e-13,8884
python,author,base,janitor,2001-2003,age2,-0.00019250403684127076,1.914170969430479e-05,-10.056783846144436,7.309042260317256e-12,8884
python,author,base,janitor,2001-2003,msa,0.060281752899192166,0.010275958046346723,5.866290289169033,1.1583803551928895e-06,8884
python,author,base,janitor,2001-2003,central_city,-0.03260010657546748,0.013231602683341179,-2.4638063396894156,0.018805508767235413,8884
python,author,base,janitor,2001-2003,cc_unknown,-0.06377871689840423,0.016286135101571297,-3.916135811267513,0.000397642569693879,8884
python,author,base,janitor,2001-2003,geo_unidentified,0.001671868241758919,0.062259296215162414,0.02685331096549977,0.9787292630173154,8884
python,author,base,janitor,2004-2006,outsourced,-0.05584060577496591,0.011681792795839708,-4.780140065046582,3.1112957481482795e-05,8330
python,author,base,janitor,2004-2006,union,0.16776822335065686,0.014287348139929405,11.742432654929749,1.0791367799356522e-13,8330
python,author,base,janitor,2004-2006,parttime,-0.12629130825584278,0.014526548223632661,-8.69382776359662,2.8894953096880727e-10,8330
python,author,base,janitor,2004-2006,educ_cat[T.no_school],-0.16887054335939508,0.06655438687147264,-2.537331516335829,0.015780440761830272,8330
python,author,base,janitor,2004-2006,educ_cat[T.primary],-0.19655605001711254,0.031851884575318054,-6.170939416546276,4.6004410392264106e-07,8330
python,author,base,janitor,2004-2006,educ_cat[T.hs_attend],-0.16216387273685667,0.0277125379555696,-5.851642783380125,1.2110504761242424e-06,8330
python,author,base,janitor,2004-2006,educ_cat[T.hs_complete],-0.06487519419914552,0.027436876001569733,-2.364525545671958,0.023729758684512436,8330
python,author,base,janitor,2004-2006,educ_cat[T.some_college],-0.028182326814764454,0.02779830208486342,-1.0138146829518102,0.31762873840885253,8330
python,author,base,janitor,2004-2006,female,-0.11160736875902229,0.008300507990158275,-13.445848000068505,2.220446049250313e-15,8330
python,author,base,janitor,2004-2006,black,-0.09587287675834502,0.01759178711831949,-5.44986567388064,4.103911813713168e-06,8330
python,author,base,janitor,2004-2006,hispanic,-0.08201639871729026,0.012318470022793744,-6.658002054275365,1.060391277007966e-07,8330
python,author,base,janitor,2004-2006,age,0.022489954537013867,0.0014974101381365582,15.019234853719727,0.0,8330
python,author,base,janitor,2004-2006,age2,-0.0002041972197670554,1.7093481869584196e-05,-11.945911390376228,6.661338147750939e-14,8330
python,author,base,janitor,2004-2006,msa,0.07219685491220584,0.01475264193988831,4.893825472507363,2.2100007480263528e-05,8330
python,author,base,janitor,2004-2006,central_city,-0.0254004892663931,0.01198814508562889,-2.1188006221948896,0.04127774958101238,8330
python,author,base,janitor,2004-2006,cc_unknown,-0.05258010164661334,0.013743428141376541,-3.8258359636132915,0.0005150816134074088,8330
python,author,base,janitor,2004-2006,geo_unidentified,-0.0649876117837796,0.07907711046098653,-0.8218258280421346,0.41673950641852686,8330
python,author,base,janitor,2007-2009,outsourced,-0.03929225726310919,0.01243704813276175,-3.1592912436838834,0.0032537860191765855,8035
python,author,base,janitor,2007-2009,union,0.14622291481085442,0.012724023813049042,11.491876859024456,1.9739765377835283e-13,8035
python,author,base,janitor,2007-2009,parttime,-0.152489706935988,0.014434486934020952,-10.564262355358245,1.977307206857404e-12,8035
python,author,base,janitor,2007-2009,educ_cat[T.no_school],-0.428695611940045,0.05173737708664982,-8.285994305858704,9.091232211488887e-10,8035
python,author,base,janitor,2007-2009,educ_cat[T.primary],-0.3286913185758526,0.03248471894944237,-10.118336535015487,6.226130722097878e-12,8035
python,author,base,janitor,2007-2009,educ_cat[T.hs_attend],-0.2929334962923696,0.03338813817355506,-8.773579849516329,2.3148505334802394e-10,8035
python,author,base,janitor,2007-2009,educ_cat[T.hs_complete],-0.19710007594398887,0.031028457304771367,-6.35223575597102,2.6600704039481116e-07,8035
python,author,base,janitor,2007-2009,educ_cat[T.some_college],-0.1545097581488314,0.03069059789814252,-5.034432977214261,1.4457681378976517e-05,8035
python,author,base,janitor,2007-2009,female,-0.09526773741684792,0.010636603821107283,-8.956593572452006,1.3959056133217018e-10,8035
python,author,base,janitor,2007-2009,black,-0.09920859672789262,0.01631186954282796,-6.081988117144603,6.022243466130561e-07,8035
python,author,base,janitor,2007-2009,hispanic,-0.06552528560966277,0.013578276413950062,-4.825743976042743,2.7127331601262128e-05,8035
python,author,base,janitor,2007-2009,age,0.02155185789698506,0.001976601189561509,10.903493335327873,8.406608742461685e-13,8035
python,author,base,janitor,2007-2009,age2,-0.00019859952475714696,2.271590720212453e-05,-8.742751191489843,2.5217761212559253e-10,8035
python,author,base,janitor,2007-2009,msa,0.04942185847311969,0.01564953090972462,3.1580408868619148,0.003264631250551542,8035
python,author,base,janitor,2007-2009,central_city,-0.03438030239817187,0.01314005655008685,-2.616450109413314,0.013028904243550077,8035
python,author,base,janitor,2007-2009,cc_unknown,-0.03805756509890822,0.015339868124627992,-2.480957775497901,0.018055921027037236,8035
python,author,base,janitor,2007-2009,geo_unidentified,0.0713813091604136,0.03851355190481537,1.8534075833054693,0.0722690541409654,8035
python,author,base,janitor,2010-2012,outsourced,-0.04141706470955427,0.011201522406053809,-3.697449615167544,0.0007417204043937975,8093
python,author,base,janitor,2010-2012,union,0.16011309816943,0.014231509003486078,11.250605830359207,3.5571545708990016e-13,8093
python,author,base,janitor,2010-2012,parttime,-0.13960529092688095,0.010616174932558153,-13.150244020445943,4.218847493575595e-15,8093
python,author,base,janitor,2010-2012,educ_cat[T.no_school],-0.2722118904583398,0.054309990857131084,-5.012188110552729,1.5462916653996572e-05,8093
python,author,base,janitor,2010-2012,educ_cat[T.primary],-0.18816900373200335,0.025711508283182444,-7.31847395569097,1.4898940969843011e-08,8093
python,author,base,janitor,2010-2012,educ_cat[T.hs_attend],-0.13154716121028923,0.028645555296276347,-4.592236381865117,5.461933362438387e-05,8093
python,author,base,janitor,2010-2012,educ_cat[T.hs_complete],-0.042936629417274386,0.028093559640823742,-1.5283442171878303,0.13541523209447837,8093
python,author,base,janitor,2010-2012,educ_cat[T.some_college],-0.006711965796882367,0.0283385655545685,-0.2368491723392937,0.8141546138017608,8093
python,author,base,janitor,2010-2012,female,-0.08769747591445584,0.008622018507757396,-10.171339325652426,5.42521583213329e-12,8093
python,author,base,janitor,2010-2012,black,-0.08484086558944949,0.016829824246757358,-5.0411022923068245,1.4169150824416832e-05,8093
python,author,base,janitor,2010-2012,hispanic,-0.052733280625847534,0.013681728997145563,-3.8542848375997907,0.000474848835441799,8093
python,author,base,janitor,2010-2012,age,0.02027872110285885,0.0021778340864429574,9.311416893093062,5.299893857113602e-11,8093
python,author,base,janitor,2010-2012,age2,-0.00017940002784370802,2.4955665686822964e-05,-7.1887494445173,2.1839752450958372e-08,8093
python,author,base,janitor,2010-2012,msa,0.03947432834426102,0.01608750697464678,2.453725639806768,0.01925921591295654,8093
python,author,base,janitor,2010-2012,central_city,-0.026847014347048892,0.010690074898226357,-2.5113962813771504,0.016792508121384442,8093
python,author,base,janitor,2010-2012,cc_unknown,-0.02697629917206071,0.01570027493288543,-1.7182055274431396,0.09459514003738256,8093
python,author,base,janitor,2010-2012,geo_unidentified,0.073446446870879,0.05520273435044894,1.330485667695584,0.1919624803422706,8093
python,author,base,janitor,2013-2015,outsourced,-0.039825866443144696,0.010597443023956366,-3.7580637473695444,0.0006247248217996493,8035
python,author,base,janitor,2013-2015,union,0.15701461868385366,0.01615631606314643,9.718466639929993,1.7802870289074235e-11,8035
python,author,base,janitor,2013-2015,parttime,-0.14316916923378686,0.010285119599589021,-13.920029596885552,8.881784197001252e-16,8035
python,author,base,janitor,2013-2015,educ_cat[T.no_school],-0.3189501185446316,0.061761147041141405,-5.1642518609987444,9.761191154922244e-06,8035
python,author,base,janitor,2013-2015,educ_cat[T.primary],-0.2682762151398576,0.036454041585902916,-7.359299640553498,1.3213872884776379e-08,8035
python,author,base,janitor,2013-2015,educ_cat[T.hs_attend],-0.22601253625438505,0.03292082679665966,-6.86533596651095,5.704388095217894e-08,8035
python,author,base,janitor,2013-2015,educ_cat[T.hs_complete],-0.13516908159752955,0.031328087661241434,-4.314629193430099,0.00012449475556675083,8035
python,author,base,janitor,2013-2015,educ_cat[T.some_college],-0.10738615247229626,0.03040612038929011,-3.531728188188082,0.0011801951891907692,8035
python,author,base,janitor,2013-2015,female,-0.10563171106468243,0.010078065245841851,-10.481348204038015,2.4427126987802694e-12,8035
python,author,base,janitor,2013-2015,black,-0.0811105776667558,0.014438555843251193,-5.617637840467831,2.4651755439197842e-06,8035
python,author,base,janitor,2013-2015,hispanic,-0.02985061116714913,0.012922705375057854,-2.309935133610944,0.02690956527853383,8035
python,author,base,janitor,2013-2015,age,0.021857508935387453,0.00166559858416948,13.122915174838658,4.440892098500626e-15,8035
python,author,base,janitor,2013-2015,age2,-0.00019564039436530836,2.020254463871084e-05,-9.68394812950615,1.9512169657787126e-11,8035
python,author,base,janitor,2013-2015,msa,0.04409579796903096,0.015178378103620578,2.905171927329479,0.006322994698838791,8035
python,author,base,janitor,2013-2015,central_city,-0.04778644233231265,0.011473085047765653,-4.165090917862489,0.0001931374594084101,8035
python,author,base,janitor,2013-2015,cc_unknown,-0.0474703068842373,0.014317658145024432,-3.3155077739255727,0.0021379553614648827,8035
python,author,base,janitor,2013-2015,geo_unidentified,-0.010342287301555475,0.044560627469979006,-0.232094741226954,0.8178161806148141,8035
python,author,base,janitor,2016-2019,outsourced,-0.01671863519644725,0.007946977956204342,-2.1037726905225305,0.04077649660499394,9995
python,author,base,janitor,2016-2019,union,0.11749429466315796,0.011806192614540974,9.951920868921563,3.7414515929867775e-13,9995
python,author,base,janitor,2016-2019,parttime,-0.16155310603918763,0.01172731209409417,-13.775800007961344,0.0,9995
python,author,base,janitor,2016-2019,educ_cat[T.no_school],-0.3580236431480689,0.05042961163989395,-7.099472542137185,5.775935951746192e-09,9995
python,author,base,janitor,2016-2019,educ_cat[T.primary],-0.2859915426789977,0.025851691961784617,-11.062778525357876,1.1102230246251565e-14,9995
python,author,base,janitor,2016-2019,educ_cat[T.hs_attend],-0.2220021975711189,0.02244367091170737,-9.89152792537673,4.547473508864641e-13,9995
python,author,base,janitor,2016-2019,educ_cat[T.hs_complete],-0.12592843245291757,0.024620538946771804,-5.114771562278455,5.700555153476117e-06,9995
python,author,base,janitor,2016-2019,educ_cat[T.some_college],-0.10253513159108193,0.02438433773696936,-4.204958637676155,0.00011616375784950783,9995
python,author,base,janitor,2016-2019,female,-0.10056258577724504,0.00978929715607962,-10.2727074450683,1.3344880755994382e-13,9995
python,author,base,janitor,2016-2019,black,-0.10894483660795283,0.01329575678225828,-8.193955289053399,1.3098810924816462e-10,9995
python,author,base,janitor,2016-2019,hispanic,-0.03347489308791679,0.011668648199821007,-2.8687892988692796,0.006153968778948027,9995
python,author,base,janitor,2016-2019,age,0.020037232613135066,0.0018130372126503903,11.051749226836671,1.1546319456101628e-14,9995
python,author,base,janitor,2016-2019,age2,-0.00018532631456650325,2.1193522957536706e-05,-8.744478911685547,2.0196289085561148e-11,9995
python,author,base,janitor,2016-2019,msa,0.03241034612260171,0.01112813326594533,2.912469265782869,0.005470759726746266,9995
python,author,base,janitor,2016-2019,central_city,-0.029695821115973582,0.011473153678030132,-2.5882875754412598,0.012794721642378493,9995
python,author,base,janitor,2016-2019,cc_unknown,-0.061783907943627384,0.011733554153019755,-5.26557487508818,3.4088015021804807e-06,9995
python,author,base,janitor,2016-2019,geo_unidentified,0.03448328526621817,0.03847305458408004,0.8962970483889569,0.3746620843780242,9995
python,author,base,janitor,2021-2025,outsourced,-0.02802627579616283,0.010602969560933118,-2.6432477840383775,0.010542398995534885,8984
python,author,base,janitor,2021-2025,union,0.08927428152869968,0.013063795726835975,6.833716891738457,5.572954320243184e-09,8984
python,author,base,janitor,2021-2025,parttime,-0.1518784088790367,0.010802223836412333,-14.059920547756304,0.0,8984
python,author,base,janitor,2021-2025,educ_cat[T.no_school],-0.25688267482656546,0.05542737193899695,-4.634581540493911,2.073645211519981e-05,8984
python,author,base,janitor,2021-2025,educ_cat[T.primary],-0.18158761705797874,0.01969263199661129,-9.221094320415187,5.735412145213559e-13,8984
python,author,base,janitor,2021-2025,educ_cat[T.hs_attend],-0.16768515036417708,0.022283737539057154,-7.525001139071574,3.8423531023568103e-10,8984
python,author,base,janitor,2021-2025,educ_cat[T.hs_complete],-0.0886067944856098,0.018361186244218976,-4.825766337047405,1.0518188281460894e-05,8984
python,author,base,janitor,2021-2025,educ_cat[T.some_college],-0.05333305720877576,0.020887791368477678,-2.5533124238909286,0.013322470044398349,8984
python,author,base,janitor,2021-2025,female,-0.09209238526863539,0.007902391548632927,-11.653736049635112,0.0,8984
python,author,base,janitor,2021-2025,black,-0.09755389704876297,0.01265370081836907,-7.7095150619608726,1.8816193048110108e-10,8984
python,author,base,janitor,2021-2025,hispanic,-0.06698275608133344,0.014477972351886198,-4.6265288020533415,2.1333026276160183e-05,8984
python,author,base,janitor,2021-2025,age,0.01852007389341679,0.0018424689174795278,10.051770055774941,2.55351295663786e-14,8984
python,author,base,janitor,2021-2025,age2,-0.0001794073711059279,1.9592567127130303e-05,-9.156909859836496,7.311928840181281e-13,8984
python,author,base,janitor,2021-2025,msa,0.05314931326747259,0.013054351080023424,4.071386845785461,0.00014336330656838925,8984
python,author,base,janitor,2021-2025,central_city,-0.022407248812521586,0.011438042648853891,-1.9590107766180453,0.054924770963145075,8984
python,author,base,janitor,2021-2025,cc_unknown,-0.028556381923922326,0.0119826111851466,-2.383151842506601,0.02046110270889434,8984
python,author,base,janitor,2021-2025,geo_unidentified,-0.012392906124486134,0.032674284097618314,-0.37928623278970247,0.7058604253277683,8984
python,author,base,guard,1983-1985,outsourced,-0.25554191856043607,0.013720325711633627,-18.62506211086221,0.0,2869
python,author,base,guard,1983-1985,union,0.2289283256351855,0.015281389193159911,14.980858267627651,8.881784197001252e-16,2869
python,author,base,guard,1983-1985,parttime,-0.2533782074588005,0.01658269676422808,-15.27967441371682,6.661338147750939e-16,2869
python,author,base,guard,1983-1985,educ_cat[T.no_school],-0.3502519392191784,0.23274777951418782,-1.5048562007777513,0.14248274165796904,2869
python,author,base,guard,1983-1985,educ_cat[T.primary],-0.24120992887594941,0.0399986928692898,-6.030445286404486,1.1252972089703661e-06,2869
python,author,base,guard,1983-1985,educ_cat[T.hs_attend],-0.18413839683060618,0.03038768010204721,-6.05963983470396,1.0356749093887174e-06,2869
python,author,base,guard,1983-1985,educ_cat[T.hs_complete],-0.13812073139494194,0.04678637911272437,-2.9521568886996343,0.005968234372159653,2869
python,author,base,guard,1983-1985,educ_cat[T.some_college],-0.11806051401347774,0.03180807072166307,-3.7116527766354577,0.000808433198258296,2869
python,author,base,guard,1983-1985,female,-0.07369543592720901,0.021479129469089458,-3.4310252672606616,0.001723033509442251,2869
python,author,base,guard,1983-1985,black,0.012532935553840207,0.020271027179181132,0.6182684006616032,0.5409147635263767,2869
python,author,base,guard,1983-1985,hispanic,-0.06949859508029353,0.02558329636748278,-2.7165613876337122,0.010692071372510048,2869
python,author,base,guard,1983-1985,age,0.03733568910763565,0.0031691721904382603,11.780896355294772,5.573319583618286e-13,2869
python,author,base,guard,1983-1985,age2,-0.00041424241609779684,3.540421718607615e-05,-11.700369306872036,6.636913241209186e-13,2869
python,author,base,guard,1983-1985,msa,0.05228996044377299,0.022020151732528755,2.374641241301206,0.02393790696519016,2869
python,author,base,guard,1983-1985,central_city,-0.05066336895946234,0.024607154756186505,-2.0588877284451192,0.0479911817487344,2869
python,author,base,guard,1983-1985,geo_unidentified,0.11037149482034073,0.04631343676033333,2.3831419678807344,0.023477891190162747,2869
python,author,base,guard,1986-1988,outsourced,-0.27950312583241993,0.01579420412265455,-17.69656284431023,0.0,3358
python,author,base,guard,1986-1988,union,0.20825399259892238,0.0215227551764965,9.675991335270218,1.9929169425836335e-11,3358
python,author,base,guard,1986-1988,parttime,-0.22819458024626588,0.028218552701938654,-8.086686183256614,1.6035219818633095e-09,3358
python,author,base,guard,1986-1988,educ_cat[T.no_school],-0.08325997256520973,0.07816729417354175,-1.065151012907797,0.29410082689036177,3358
python,author,base,guard,1986-1988,educ_cat[T.primary],-0.2807239023324036,0.04099740795216064,-6.847357341712353,6.018669784779718e-08,3358
python,author,base,guard,1986-1988,educ_cat[T.hs_attend],-0.1342062822335273,0.0285813359425505,-4.695591644256472,4.009608344412996e-05,3358
python,author,base,guard,1986-1988,educ_cat[T.hs_complete],-0.07069464590097577,0.057279770938231354,-1.2341991726400334,0.22535176931036394,3358
python,author,base,guard,1986-1988,educ_cat[T.some_college],-0.029921195553730233,0.03775147283448569,-0.792583528725201,0.4333603088417526,3358
python,author,base,guard,1986-1988,female,-0.034670841882647546,0.021232813908587552,-1.6328896410958051,0.11145781533948895,3358
python,author,base,guard,1986-1988,black,-0.03235838606957601,0.02080640762919895,-1.555212540590882,0.12889257138645238,3358
python,author,base,guard,1986-1988,hispanic,-0.1314457892523039,0.02683950722966155,-4.8974740157314525,2.185836628632032e-05,3358
python,author,base,guard,1986-1988,age,0.043166816095982934,0.00296002292300999,14.583270879567186,2.220446049250313e-16,3358
python,author,base,guard,1986-1988,age2,-0.0004755092226573313,3.362905020197663e-05,-14.139835047419274,4.440892098500626e-16,3358
python,author,base,guard,1986-1988,msa,0.11338143674387614,0.026669730561728004,4.251315418483547,0.00015000022113698108,3358
python,author,base,guard,1986-1988,central_city,-0.056005784085910816,0.018729815653928193,-2.9901940905736977,0.005076663762552558,3358
python,author,base,guard,1986-1988,geo_unidentified,-0.003090861604987197,0.02881123844223666,-0.10727972041826775,0.9151796760172295,3358
python,author,base,guard,1989-1991,outsourced,-0.2266423114427234,0.012427526541549078,-18.23712149678279,0.0,3244
python,author,base,guard,1989-1991,union,0.23529341481345836,0.024216049923609217,9.716424253984593,1.789968173682155e-11,3244
python,author,base,guard,1989-1991,parttime,-0.20443840212958658,0.023809631809429178,-8.586373941684563,3.90046439591174e-10,3244
python,author,base,guard,1989-1991,educ_cat[T.no_school],-0.5883138984914098,0.08553021940594348,-6.878433173416226,5.485909104763209e-08,3244
python,author,base,guard,1989-1991,educ_cat[T.primary],-0.3147585126753017,0.04219528564114126,-7.459565870752295,9.847311188693197e-09,3244
python,author,base,guard,1989-1991,educ_cat[T.hs_attend],-0.19805039739597247,0.019842810645345762,-9.980964941699238,8.911316129456281e-12,3244
python,author,base,guard,1989-1991,educ_cat[T.hs_complete],-0.12057423356587318,0.034836478538973856,-3.4611487332446322,0.0014350187181753071,3244
python,author,base,guard,1989-1991,educ_cat[T.some_college],-0.10127282748099317,0.02419435130073774,-4.185804621176396,0.00018177964274768144,3244
python,author,base,guard,1989-1991,female,-0.03693194585656071,0.02556075499020653,-1.4448691312408806,0.15738873858916036,3244
python,author,base,guard,1989-1991,black,-0.08036485435789506,0.02484404741184479,-3.234773023319053,0.002658942836995415,3244
python,author,base,guard,1989-1991,hispanic,-0.09690947492450996,0.03133303113010763,-3.0928854129082493,0.0038797445476639325,3244
python,author,base,guard,1989-1991,age,0.03448961190011076,0.0030399997249019525,11.345268099069692,2.822186928597148e-13,3244
python,author,base,guard,1989-1991,age2,-0.00037319596276104276,3.456253415066241e-05,-10.797702539236125,1.0960121699099545e-12,3244
python,author,base,guard,1989-1991,msa,0.1494655309108019,0.026509563608419048,5.638173948036393,2.316063216767361e-06,3244
python,author,base,guard,1989-1991,central_city,-0.047698659821569844,0.016358076363032124,-2.9159088613478295,0.0061510784024558784,3244
python,author,base,guard,1989-1991,geo_unidentified,0.05778261806357278,0.03291179119732699,1.7556813519242833,0.08789216875897132,3244
python,author,base,guard,1992-1994,outsourced,-0.24159140081905936,0.0157471234125798,-15.341938618837576,0.0,3260
python,author,base,guard,1992-1994,union,0.14336465365946888,0.01792467553536514,7.998172874962918,2.066206539197424e-09,3260
python,author,base,guard,1992-1994,parttime,-0.22766126592747654,0.02284799791311161,-9.964166960853506,9.312328685950888e-12,3260
python,author,base,guard,1992-1994,educ_cat[T.primary],-0.2533773508648232,0.043968009657040764,-5.762765993758122,1.5862508386810248e-06,3260
python,author,base,guard,1992-1994,educ_cat[T.hs_attend],-0.22178395989880997,0.03846934521716675,-5.765212759582921,1.5745062926786346e-06,3260
python,author,base,guard,1992-1994,educ_cat[T.hs_complete],-0.10845714463492101,0.03091068662439839,-3.508726478735472,0.0012580342408092804,3260
python,author,base,guard,1992-1994,educ_cat[T.some_college],-0.06405263478651371,0.03420587253999022,-1.8725625172002127,0.0695020193218856,3260
python,author,base,guard,1992-1994,female,-0.03909180206772436,0.022291901692735587,-1.7536324449368748,0.08824803166949668,3260
python,author,base,guard,1992-1994,black,-0.08772641417113751,0.02246349408696535,-3.9052880122528033,0.00041023708212084564,3260
python,author,base,guard,1992-1994,hispanic,-0.10793318714821366,0.03181285791429134,-3.3927535664668054,0.0017318986567893546,3260
python,author,base,guard,1992-1994,age,0.03581709810181548,0.003521738158120395,10.170289923238247,5.440092820663267e-12,3260
python,author,base,guard,1992-1994,age2,-0.0003949501995940975,4.0415989636429125e-05,-9.772127396779306,1.5442980227931002e-11,3260
python,author,base,guard,1992-1994,msa,0.09132327494241645,0.022874107256483946,3.992430127148667,0.00031911264845474463,3260
python,author,base,guard,1992-1994,central_city,-0.013303001092258347,0.01768904785537368,-0.7520473233508204,0.4570505955926416,3260
python,author,base,guard,1992-1994,geo_unidentified,0.003536683434495303,0.023294774489504084,0.1518230380847355,0.880198293565809,3260
python,author,base,guard,1995-1997,outsourced,-0.1932707679482817,0.014336558698492739,-13.480973503676378,1.9984014443252818e-15,2757
python,author,base,guard,1995-1997,union,0.1709525810418285,0.02602693603208228,6.568294509622748,1.387984791545449e-07,2757
python,author,base,guard,1995-1997,parttime,-0.20295044973281437,0.025115122737283842,-8.080806606273553,1.6307075689780959e-09,2757
python,author,base,guard,1995-1997,educ_cat[T.no_school],-0.4940535210134169,0.23072256306436775,-2.141331625531501,0.03928813448915491,2757
python,author,base,guard,1995-1997,educ_cat[T.primary],-0.4222441242438984,0.06020824512703769,-7.013061472776283,3.675068094288747e-08,2757
python,author,base,guard,1995-1997,educ_cat[T.hs_attend],-0.3676145798428741,0.03947723268864287,-9.312065583275608,5.2905901881672435e-11,2757
python,author,base,guard,1995-1997,educ_cat[T.hs_complete],-0.2683280079489895,0.029829478332897386,-8.995397269588333,1.2546363947762984e-10,2757
python,author,base,guard,1995-1997,educ_cat[T.some_college],-0.2117082361672152,0.032700609075564296,-6.474137398419753,1.842255674677773e-07,2757
python,author,base,guard,1995-1997,female,-0.049891387990171183,0.02246472655409835,-2.220876709539527,0.032926673923505234,2757
python,author,base,guard,1995-1997,black,-0.07488064401790862,0.022367937918399677,-3.3476775682711652,0.001958854731951565,2757
python,author,base,guard,1995-1997,hispanic,-0.049082660392714354,0.032012059861637396,-1.53325529831131,0.13420351186878188,2757
python,author,base,guard,1995-1997,age,0.03592636724889102,0.0034776533632109815,10.330634912882617,3.594680109131332e-12,2757
python,author,base,guard,1995-1997,age2,-0.0003920236675395164,3.9483461207966533e-05,-9.928807038335794,1.021760454023024e-11,2757
python,author,base,guard,1995-1997,msa,0.046500002222084766,0.024369465954297013,1.9081256154440072,0.06460497675560806,2757
python,author,base,guard,1995-1997,central_city,-0.01727379438689774,0.020708263007566303,-0.8341498454306048,0.4098537985703352,2757
python,author,base,guard,1995-1997,geo_unidentified,-0.013246079127270617,0.034231005223980544,-0.38696144155273215,0.7011276845981402,2757
python,author,base,guard,1998-2000,outsourced,-0.17460577353766965,0.016693084137297823,-10.459767176728182,2.581046487648564e-12,2763
python,author,base,guard,1998-2000,union,0.0996381906999313,0.024179659331430313,4.120744189741955,0.00021984084803006176,2763
python,author,base,guard,1998-2000,parttime,-0.21563346083517895,0.025949760758860175,-8.30965120792314,8.501712667197125e-10,2763
python,author,base,guard,1998-2000,educ_cat[T.no_school],-0.6269770031379591,0.11837378908054665,-5.2965864150157165,6.535446589461813e-06,2763
python,author,base,guard,1998-2000,educ_cat[T.primary],-0.4551764382342284,0.049433976150880105,-9.207765057072484,7.02105040772949e-11,2763
python,author,base,guard,1998-2000,educ_cat[T.hs_attend],-0.3894283169158512,0.04317283316391041,-9.020216844174756,1.1719891723771525e-10,2763
python,author,base,guard,1998-2000,educ_cat[T.hs_complete],-0.23673072818177573,0.03950048716649102,-5.9931090769583895,7.884020434278938e-07,2763
python,author,base,guard,1998-2000,educ_cat[T.some_college],-0.1836087867181655,0.03946639016071636,-4.652282257649296,4.564722464683868e-05,2763
python,author,base,guard,1998-2000,female,-0.06787904006834976,0.019292519500715796,-3.518412411910808,0.0012246721039224084,2763
python,author,base,guard,1998-2000,black,-0.08045221230673992,0.024616884143518654,-3.268172033377428,0.0024302022862408013,2763
python,author,base,guard,1998-2000,hispanic,-0.050275949831380694,0.03051421357244947,-1.6476239740542946,0.10838003335885138,2763
python,author,base,guard,1998-2000,age,0.04094350019179784,0.0032836278182070554,12.468983227872043,1.9539925233402755e-14,2763
python,author,base,guard,1998-2000,age2,-0.0004522587896962608,3.7469789376265616e-05,-12.0699581509453,4.973799150320701e-14,2763
python,author,base,guard,1998-2000,msa,0.1165002901272769,0.03296159236517918,3.534425425706935,0.0011713774510684338,2763
python,author,base,guard,1998-2000,central_city,-0.005092280726653611,0.019144779300138397,-0.26598795665494035,0.7918091427537188,2763
python,author,base,guard,1998-2000,cc_unknown,-0.08313774967259442,0.0280204700596533,-2.967036223717908,0.00539101469041503,2763
python,author,base,guard,1998-2000,geo_unidentified,0.07044646183945186,0.17143825493435802,0.4109144826889722,0.6836403308561665,2763
python,author,base,guard,2001-2003,outsourced,-0.09452854781994369,0.01252521670491486,-7.547058869077367,7.624957998331183e-09,3316
python,author,base,guard,2001-2003,union,0.15680797480498684,0.024083329913776524,6.511058701865272,1.6485542220223692e-07,3316
python,author,base,guard,2001-2003,parttime,-0.24706489778415572,0.018115206566128514,-13.638536048830556,1.3322676295501878e-15,3316
python,author,base,guard,2001-2003,educ_cat[T.primary],-0.4793282581540817,0.057198640935466276,-8.380063762264534,6.966549559450641e-10,3316
python,author,base,guard,2001-2003,educ_cat[T.hs_attend],-0.36337946621213213,0.0351897638398953,-10.3262831732949,3.6350922272276875e-12,3316
python,author,base,guard,2001-2003,educ_cat[T.hs_complete],-0.25191776609349226,0.027904669780284042,-9.027799578960938,1.1478595851599493e-10,3316
python,author,base,guard,2001-2003,educ_cat[T.some_college],-0.2147931490920414,0.02766379778630727,-7.764412925197039,4.053255953095913e-09,3316
python,author,base,guard,2001-2003,female,-0.08600379569114004,0.014172936414749484,-6.0681705734344265,6.279691540100885e-07,3316
python,author,base,guard,2001-2003,black,-0.06531506585606452,0.019295794362040458,-3.384937910851455,0.0017693551044493105,3316
python,author,base,guard,2001-2003,hispanic,-0.029871596974074887,0.027092959903335576,-1.1025593763344113,0.2777424653816374,3316
python,author,base,guard,2001-2003,age,0.03260828930554545,0.0022042466201377723,14.793394263436516,2.220446049250313e-16,3316
python,author,base,guard,2001-2003,age2,-0.00035339432920372606,2.5774826400255814e-05,-13.71083256646953,1.3322676295501878e-15,3316
python,author,base,guard,2001-2003,msa,0.05598801641530973,0.03365725277033171,1.6634755307379756,0.10514757023701726,3316
python,author,base,guard,2001-2003,central_city,-0.02799594037715289,0.014745251875883101,-1.8986410413878534,0.06588107327613657,3316
python,author,base,guard,2001-2003,cc_unknown,-0.05482248809182388,0.025215472105651254,-2.1741606844448946,0.0365411986708295,3316
python,author,base,guard,2001-2003,geo_unidentified,-0.09239923300336761,0.1010421483873959,-0.9144622761692345,0.3667312457855423,3316
python,author,base,guard,2004-2006,outsourced,-0.10370965686047635,0.013497975814824493,-7.683348843059461,5.127417157524405e-09,3170
python,author,base,guard,2004-2006,union,0.1396720533177581,0.02516712324872354,5.549782227289015,3.0295805113489394e-06,3170
python,author,base,guard,2004-2006,parttime,-0.22569437447237034,0.021430983288497907,-10.531218816894015,2.1509460879087783e-12,3170
python,author,base,guard,2004-2006,educ_cat[T.primary],-0.41817949711689945,0.05611081333788939,-7.452743459601922,1.0046011134079436e-08,3170
python,author,base,guard,2004-2006,educ_cat[T.hs_attend],-0.3457754539360034,0.031230602165327543,-11.071687062117745,5.53113110868253e-13,3170
python,author,base,guard,2004-2006,educ_cat[T.hs_complete],-0.18439745163502963,0.03037211929487861,-6.071273783852251,6.220926911382207e-07,3170
python,author,base,guard,2004-2006,educ_cat[T.some_college],-0.14090281808087002,0.03199850286736511,-4.403419080727527,9.576335669203573e-05,3170
python,author,base,guard,2004-2006,female,-0.09106371099308903,0.017625416696534522,-5.1666132245823055,9.691622474550243e-06,3170
python,author,base,guard,2004-2006,black,-0.08245863446695169,0.024338492722812567,-3.3879926504102236,0.0017546237708425672,3170
python,author,base,guard,2004-2006,hispanic,-0.06224912791388365,0.025199355832803732,-2.470266634072038,0.01851989584673963,3170
python,author,base,guard,2004-2006,age,0.03210229765520371,0.0031156438939895534,10.303583704521833,3.8540282076837684e-12,3170
python,author,base,guard,2004-2006,age2,-0.0003488463526444323,3.440968603153503e-05,-10.138027772898866,5.915490319807759e-12,3170
python,author,base,guard,2004-2006,msa,0.06827713174836901,0.02983681063056481,2.288352216789081,0.028269182658394065,3170
python,author,base,guard,2004-2006,central_city,-0.04953782596986726,0.01779525665780748,-2.7837657485054064,0.008607071296386604,3170
python,author,base,guard,2004-2006,cc_unknown,-0.0766560787415171,0.022439552040838476,-3.416114484015019,0.0016244205297057945,3170
python,author,base,guard,2004-2006,geo_unidentified,-0.05529224056263678,0.09887033060900301,-0.5592399683712794,0.579559202685684,3170
python,author,base,guard,2007-2009,outsourced,-0.09381400254337101,0.015077264927243171,-6.222216230601487,3.9395137041431383e-07,3262
python,author,base,guard,2007-2009,union,0.15185971672225104,0.02615284510520007,5.806623184261364,1.3884381564466253e-06,3262
python,author,base,guard,2007-2009,parttime,-0.1454023018906513,0.027222944307687104,-5.341167371436497,5.708548390659374e-06,3262
python,author,base,guard,2007-2009,educ_cat[T.no_school],-0.6511738855776572,0.13322849536951578,-4.887647224203759,2.2515246295373714e-05,3262
python,author,base,guard,2007-2009,educ_cat[T.primary],-0.4656255901021592,0.057879934544239564,-8.044680661244806,1.808319272100789e-09,3262
python,author,base,guard,2007-2009,educ_cat[T.hs_attend],-0.3268835682262896,0.04562750522164289,-7.164177980768409,2.3484711730858976e-08,3262
python,author,base,guard,2007-2009,educ_cat[T.hs_complete],-0.22176794765969546,0.03284129986629962,-6.752715287230897,7.985296890389293e-08,3262
python,author,base,guard,2007-2009,educ_cat[T.some_college],-0.18075248602222022,0.02988873504606997,-6.047512072478528,6.685356666036313e-07,3262
python,author,base,guard,2007-2009,female,-0.10154530365405609,0.016018846295735363,-6.339114676510137,2.767498268330115e-07,3262
python,author,base,guard,2007-2009,black,-0.048779251235264026,0.019183623127040285,-2.542754875459746,0.015576008678546804,3262
python,author,base,guard,2007-2009,hispanic,-0.04809740996117144,0.027064958427645266,-1.7771100624356682,0.08424217450108573,3262
python,author,base,guard,2007-2009,age,0.03613547389076828,0.0036241837743890017,9.9706516391709,9.155343150268891e-12,3262
python,author,base,guard,2007-2009,age2,-0.00038945853329106324,4.079897288088266e-05,-9.545792596988475,2.8204993895997177e-11,3262
python,author,base,guard,2007-2009,msa,0.06458691432801338,0.03138638407787467,2.0578004196903614,0.04711760456715908,3262
python,author,base,guard,2007-2009,central_city,-0.016743335935241646,0.02340921581661729,-0.7152454856414371,0.4792017471060914,3262
python,author,base,guard,2007-2009,cc_unknown,-0.04074973666656317,0.028065086761200394,-1.45197258833702,0.1554152199065555,3262
python,author,base,guard,2007-2009,geo_unidentified,-0.15466508438768456,0.17782431256264708,-0.8697634320008768,0.39035572515811334,3262
python,author,base,guard,2010-2012,outsourced,-0.11772490460668264,0.016002743187866555,-7.35654526381095,1.3321238778729594e-08,3518
python,author,base,guard,2010-2012,union,0.14261245260048305,0.019122354224916184,7.457892000277917,9.895690933348078e-09,3518
python,author,base,guard,2010-2012,parttime,-0.23185320671446097,0.018904166358161757,-12.264661785223858,3.1530333899354446e-14,3518
python,author,base,guard,2010-2012,educ_cat[T.primary],-0.3883017568856334,0.06791702153512667,-5.7172966085505355,1.8211882013563496e-06,3518
python,author,base,guard,2010-2012,educ_cat[T.hs_attend],-0.34967984937681834,0.03500479882069087,-9.989483189662762,8.714806654097629e-12,3518
python,author,base,guard,2010-2012,educ_cat[T.hs_complete],-0.22115014035935748,0.03023271614233429,-7.31492795150103,1.5055188429258237e-08,3518
python,author,base,guard,2010-2012,educ_cat[T.some_college],-0.18794466620993902,0.02866802286783315,-6.555899131112444,1.440649912698433e-07,3518
python,author,base,guard,2010-2012,female,-0.06661820891025184,0.016591971791001695,-4.015086919710219,0.0002988609974545753,3518
python,author,base,guard,2010-2012,black,-0.0859037781635586,0.020058260872794914,-4.2827131777945,0.0001367687416340413,3518
python,author,base,guard,2010-2012,hispanic,-0.009097787315351364,0.023943211647639417,-0.3799735578183524,0.706261128930094,3518
python,author,base,guard,2010-2012,age,0.0345526228910077,0.0024780329825247064,13.943568602466415,6.661338147750939e-16,3518
python,author,base,guard,2010-2012,age2,-0.00035283905357384623,2.673850592190135e-05,-13.195915082332176,3.774758283725532e-15,3518
python,author,base,guard,2010-2012,msa,0.06764474506750633,0.02899738932602099,2.332787421204325,0.025534428564386147,3518
python,author,base,guard,2010-2012,central_city,-0.05696521161568569,0.014891804062236263,-3.8252727055509874,0.0005159107140946251,3518
python,author,base,guard,2010-2012,cc_unknown,-0.03845458488011981,0.021447651552846246,-1.7929508405789365,0.08162697010389963,3518
python,author,base,guard,2010-2012,geo_unidentified,0.032444232702145866,0.10550672977728827,0.30750865627843504,0.7602786731513071,3518
python,author,base,guard,2013-2015,outsourced,-0.1474025369636119,0.017896331583426153,-8.236466578442359,1.046344122457299e-09,3108
python,author,base,guard,2013-2015,union,0.16848750870050969,0.028339565828924596,5.9453101616872335,9.113995604881353e-07,3108
python,author,base,guard,2013-2015,parttime,-0.18693329912333784,0.02379461882177543,-7.856116566669583,3.109480894991634e-09,3108
python,author,base,guard,2013-2015,educ_cat[T.no_school],0.14861053778208116,0.18884590050646144,0.7869407669614538,0.43661303071601476,3108
python,author,base,guard,2013-2015,educ_cat[T.primary],-0.5997478711748021,0.07959680211322574,-7.534823702108862,7.902243970292488e-09,3108
python,author,base,guard,2013-2015,educ_cat[T.hs_attend],-0.3330655550651503,0.04533671571297279,-7.346486171909578,1.3720893976554294e-08,3108
python,author,base,guard,2013-2015,educ_cat[T.hs_complete],-0.194584473700153,0.023364256448847917,-8.328297291470102,8.064506840099739e-10,3108
python,author,base,guard,2013-2015,educ_cat[T.some_college],-0.16801652093196026,0.023227305421137188,-7.233577803607937,1.913257330343754e-08,3108
python,author,base,guard,2013-2015,female,-0.06537724266083797,0.01581356412266429,-4.134250960359917,0.00021134640217290723,3108
python,author,base,guard,2013-2015,black,-0.07687618802710834,0.021887334281170005,-3.5123595701302945,0.0012454191733373143,3108
python,author,base,guard,2013-2015,hispanic,-0.028336438965349264,0.020103919112846744,-1.4094982578417659,0.16751197729764988,3108
python,author,base,guard,2013-2015,age,0.03864234558768099,0.0023916136319949905,16.157436582031462,0.0,3108
python,author,base,guard,2013-2015,age2,-0.00039070322735912464,2.643510695452077e-05,-14.779710482401091,2.220446049250313e-16,3108
python,author,base,guard,2013-2015,msa,0.07998311723460551,0.034881374785837374,2.293003579293568,0.02797105543146161,3108
python,author,base,guard,2013-2015,central_city,-0.021917110688970915,0.01948821872593283,-1.124633861985856,0.2683981393535515,3108
python,author,base,guard,2013-2015,cc_unknown,-0.014605505666352582,0.02900059441898749,-0.5036278034628819,0.6176782669520269,3108
python,author,base,guard,2013-2015,geo_unidentified,0.06186019006462994,0.06938025366067838,0.8916108950418775,0.37869042734329716,3108
python,author,base,guard,2016-2019,outsourced,-0.09099723030986623,0.014916204224220934,-6.100562109635433,1.8956506120382244e-07,4073
python,author,base,guard,2016-2019,union,0.1435350989334142,0.020662236258822454,6.9467359261332104,9.844654647039874e-09,4073
python,author,base,guard,2016-2019,parttime,-0.2110359067976771,0.01590938222006124,-13.264871248838771,0.0,4073
python,author,base,guard,2016-2019,educ_cat[T.no_school],-0.2265276964699212,0.11726845721345146,-1.9317018561743047,0.05943804822029208,4073
python,author,base,guard,2016-2019,educ_cat[T.primary],-0.3698100349592143,0.06350336276516542,-5.823471684905361,4.974549392411376e-07,4073
python,author,base,guard,2016-2019,educ_cat[T.hs_attend],-0.3958058733772005,0.03157862012122917,-12.533982544446726,2.220446049250313e-16,4073
python,author,base,guard,2016-2019,educ_cat[T.hs_complete],-0.22302597974882957,0.02921390774410697,-7.634239886781951,8.997464995275095e-10,4073
python,author,base,guard,2016-2019,educ_cat[T.some_college],-0.18123185374523534,0.028462439964683308,-6.3674039882073,7.46416206620637e-08,4073
python,author,base,guard,2016-2019,female,-0.10369781417998047,0.017568995032330254,-5.902319056335152,3.781926858348328e-07,4073
python,author,base,guard,2016-2019,black,-0.10654066187354372,0.016768756207175134,-6.353522023771587,7.835340043449435e-08,4073
python,author,base,guard,2016-2019,hispanic,-0.03804437758205057,0.02373661151202639,-1.602772053743855,0.1156852263802981,4073
python,author,base,guard,2016-2019,age,0.03173359619486051,0.002615198980282912,12.134295108752136,4.440892098500626e-16,4073
python,author,base,guard,2016-2019,age2,-0.0003240955360876137,2.8752123994646e-05,-11.27205545398887,5.773159728050814e-15,4073
python,author,base,guard,2016-2019,msa,0.09767788597365386,0.029457180361570967,3.31592789176393,0.0017666656736010644,4073
python,author,base,guard,2016-2019,central_city,-0.0422772243113052,0.01883113506960108,-2.245070419549638,0.029507882528526874,4073
python,author,base,guard,2016-2019,cc_unknown,-0.022004796651890566,0.0217424494985419,-1.0120661268348012,0.316688464772521,4073
python,author,base,guard,2016-2019,geo_unidentified,0.038069912762055805,0.08642263708339505,0.44050857560987833,0.6615882615785682,4073
python,author,base,guard,2021-2025,outsourced,-0.057217569669328415,0.014969269660042868,-3.8223354224193034,0.00032496559256789403,3696
python,author,base,guard,2021-2025,union,0.05003762759537191,0.026429833593265204,1.893225222883068,0.06332033699345407,3696
python,author,base,guard,2021-2025,parttime,-0.13388943237081818,0.023623950933302724,-5.667529226962372,4.782025397886969e-07,3696
python,author,base,guard,2021-2025,educ_cat[T.primary],-0.3948855456600724,0.07339099991326528,-5.380571815709757,1.3937669851582513e-06,3696
python,author,base,guard,2021-2025,educ_cat[T.hs_attend],-0.3569596213041863,0.03595793498714037,-9.927144632522575,4.063416270128073e-14,3696
python,author,base,guard,2021-2025,educ_cat[T.hs_complete],-0.23143179327423807,0.026883632485239114,-8.60865038983513,5.898836974438382e-12,3696
python,author,base,guard,2021-2025,educ_cat[T.some_college],-0.18219818964534623,0.026201750147352664,-6.953664874319661,3.506165358047042e-09,3696
python,author,base,guard,2021-2025,female,-0.07447198239385232,0.018992914915048942,-3.9210401735041107,0.00023565359172383893,3696
python,author,base,guard,2021-2025,black,-0.03841792014430344,0.018719470879623154,-2.0522973320855336,0.04466301654329374,3696
python,author,base,guard,2021-2025,hispanic,-0.04598886726165591,0.017969671753649986,-2.5592491555843075,0.013120229724709276,3696
python,author,base,guard,2021-2025,age,0.021416980108513485,0.0029261823991529588,7.319085821414636,8.526954697885003e-10,3696
python,author,base,guard,2021-2025,age2,-0.00021761460911681876,3.35899547652008e-05,-6.478562136745345,2.1891846557764438e-08,3696
python,author,base,guard,2021-2025,msa,0.007978446789337694,0.024623769321345548,0.32401403234481396,0.7470929832173527,3696
python,author,base,guard,2021-2025,central_city,-0.043975374461761564,0.01826150779521275,-2.408091103697894,0.019236009326205172,3696
python,author,base,guard,2021-2025,cc_unknown,-0.023051778799473278,0.026583167225482505,-0.8671569720772755,0.3894295152633669,3696
python,author,base,guard,2021-2025,geo_unidentified,0.06890478540915745,0.09251246264550719,0.7448162489543647,0.4593902518673214,3696
python,author,base,janitor,2001-2005,outsourced,-0.048599158852553184,0.00965453731515868,-5.033815424406428,4.816923619976876e-06,14465
python,author,base,janitor,2001-2005,union,0.16710052762003758,0.00996866167436825,16.76258389325138,0.0,14465
python,author,base,janitor,2001-2005,parttime,-0.13591000306672152,0.009638313055309692,-14.101015632797845,0.0,14465
python,author,base,janitor,2001-2005,educ_cat[T.no_school],-0.2661292789325593,0.0516593836447931,-5.151615450204529,3.1293396594023193e-06,14465
python,author,base,janitor,2001-2005,educ_cat[T.primary],-0.227261640614928,0.024408452870659448,-9.310776140511196,3.4794389591752406e-13,14465
python,author,base,janitor,2001-2005,educ_cat[T.hs_attend],-0.1943100436970543,0.02268921469440345,-8.563982769530716,6.128653140535789e-12,14465
python,author,base,janitor,2001-2005,educ_cat[T.hs_complete],-0.10885835270559935,0.02333499882420146,-4.665024992103232,1.8168024117137804e-05,14465
python,author,base,janitor,2001-2005,educ_cat[T.some_college],-0.05161193988626752,0.023028977998403016,-2.2411737025345477,0.028791052924276084,14465
python,author,base,janitor,2001-2005,female,-0.09339024269820069,0.0068335414105705735,-13.666448637267127,0.0,14465
python,author,base,janitor,2001-2005,black,-0.09975649204104241,0.010407343928461758,-9.585201827358729,1.2256862191861728e-13,14465
python,author,base,janitor,2001-2005,hispanic,-0.08100924566585341,0.01009979294111385,-8.02088182779313,5.044520356989324e-11,14465
python,author,base,janitor,2001-2005,age,0.020175009822750948,0.0012599961089176655,16.01196200524877,0.0,14465
python,author,base,janitor,2001-2005,age2,-0.00019155597313525303,1.4347994952793172e-05,-13.350713724495854,0.0,14465
python,author,base,janitor,2001-2005,msa,0.06357686953449342,0.009132036138413464,6.961959914619744,3.1375639863995275e-09,14465
python,author,base,janitor,2001-2005,central_city,-0.028002920036740663,0.009993946398799164,-2.8019882155967326,0.006859583526911184,14465
python,author,base,janitor,2001-2005,cc_unknown,-0.061237869643232225,0.01176375391255987,-5.205640146709467,2.5649864712207204e-06,14465
python,author,base,janitor,2001-2005,geo_unidentified,-0.05194865805602423,0.0748718428276177,-0.6938343720967172,0.49050892013937863,14465
python,author,base,janitor,2006-2010,outsourced,-0.041523313107868214,0.008562600956496514,-4.849380850378663,9.398909189162197e-06,13490
python,author,base,janitor,2006-2010,union,0.1510843405644295,0.009868887823639448,15.309155729030529,0.0,13490
python,author,base,janitor,2006-2010,parttime,-0.14583168547417427,0.010269018181303774,-14.201132269848529,0.0,13490
python,author,base,janitor,2006-2010,educ_cat[T.no_school],-0.32161249165889466,0.038258403686344124,-8.40632281199151,1.1283862733080241e-11,13490
python,author,base,janitor,2006-2010,educ_cat[T.primary],-0.24831305052786812,0.02521062928368439,-9.849537975974656,4.529709940470639e-14,13490
python,author,base,janitor,2006-2010,educ_cat[T.hs_attend],-0.20617880818756912,0.026849049716735685,-7.679184565666498,1.9110379945175282e-10,13490
python,author,base,janitor,2006-2010,educ_cat[T.hs_complete],-0.11948441806787968,0.024583089962942048,-4.860431225203882,9.03215272418656e-06,13490
python,author,base,janitor,2006-2010,educ_cat[T.some_college],-0.07798893856838676,0.0251795902932463,-3.09730768690486,0.0029880697304049963,13490
python,author,base,janitor,2006-2010,female,-0.10081611410970033,0.007445844592816164,-13.539916506848513,0.0,13490
python,author,base,janitor,2006-2010,black,-0.09986971832604857,0.01320446788566364,-7.563327745639729,3.0034930098565837e-10,13490
python,author,base,janitor,2006-2010,hispanic,-0.06474342645835053,0.010838164536944197,-5.973652294875091,1.4301833450858226e-07,13490
python,author,base,janitor,2006-2010,age,0.02193734140424131,0.0016535558719947487,13.266767561822657,0.0,13490
python,author,base,janitor,2006-2010,age2,-0.0002022007039924194,1.8961703977145566e-05,-10.663635727892956,2.220446049250313e-15,13490
python,author,base,janitor,2006-2010,msa,0.056011284204758385,0.012495670014918402,4.482455453600112,3.455280227493418e-05,13490
python,author,base,janitor,2006-2010,central_city,-0.031201964317946803,0.008918692775405227,-3.4984907658206805,0.0008966529990537264,13490
python,author,base,janitor,2006-2010,cc_unknown,-0.03667923364970626,0.011832949631820036,-3.099754058875732,0.0029669693489700055,13490
python,author,base,janitor,2006-2010,geo_unidentified,0.06130454530425373,0.03303962531509661,1.8554854880948721,0.06852434103835892,13490
python,author,base,janitor,2011-2015,outsourced,-0.04122840364093034,0.008775201697840558,-4.698285584828896,1.6142734376778378e-05,13422
python,author,base,janitor,2011-2015,union,0.15895903680898898,0.011712811625908605,13.571381653349007,0.0,13422
python,author,base,janitor,2011-2015,parttime,-0.14286526990513787,0.00794760846937882,-17.97588173292388,0.0,13422
python,author,base,janitor,2011-2015,educ_cat[T.no_school],-0.3279637812825399,0.04706298549153962,-6.968614036215297,3.057273323392451e-09,13422
python,author,base,janitor,2011-2015,educ_cat[T.primary],-0.2499218732440554,0.026650917860316058,-9.377608476899622,2.6978419498391304e-13,13422
python,author,base,janitor,2011-2015,educ_cat[T.hs_attend],-0.20398981705801011,0.025176456852634418,-8.102403696120767,3.673150672511838e-11,13422
python,author,base,janitor,2011-2015,educ_cat[T.hs_complete],-0.110989250558197,0.02464517957635362,-4.503487191657072,3.210349734406037e-05,13422
python,author,base,janitor,2011-2015,educ_cat[T.some_college],-0.0826599067529575,0.02376295070831161,-3.478520313727091,0.0009538348031661315,13422
python,author,base,janitor,2011-2015,female,-0.09571882712770129,0.0076495348246578875,-12.513025866508444,0.0,13422
python,author,base,janitor,2011-2015,black,-0.07646281382977602,0.011605269204295419,-6.588629051489395,1.3392940978462775e-08,13422
python,author,base,janitor,2011-2015,hispanic,-0.036572531619219306,0.010456357465140615,-3.497635934994069,0.0008990324294300134,13422
python,author,base,janitor,2011-2015,age,0.021150221005344732,0.0012923469465483583,16.365745330101504,0.0,13422
python,author,base,janitor,2011-2015,age2,-0.00018806210680008146,1.5301707206212175e-05,-12.290269593168803,0.0,13422
python,author,base,janitor,2011-2015,msa,0.039999837461167524,0.011594537659287337,3.449886372064803,0.0010418951618811345,13422
python,author,base,janitor,2011-2015,central_city,-0.040011986881744246,0.009107279234542713,-4.3934072790899,4.70963088885501e-05,13422
python,author,base,janitor,2011-2015,cc_unknown,-0.038247832676560886,0.011397650877647813,-3.355764541934651,0.0013888665150048052,13422
python,author,base,janitor,2011-2015,geo_unidentified,0.018320948622801442,0.039180482355330164,0.46760395792598086,0.64179042563938,13422
python,author,base,guard,2001-2005,outsourced,-0.09382660602595179,0.009374065708797978,-10.00916880045884,2.4868995751603507e-14,5426
python,author,base,guard,2001-2005,union,0.14414879759767635,0.017235192611376505,8.363631370300292,1.3315126778934427e-11,5426
python,author,base,guard,2001-2005,parttime,-0.22978834751853738,0.01567515782479127,-14.65939610222695,0.0,5426
python,author,base,guard,2001-2005,educ_cat[T.primary],-0.4685928925480356,0.042482343419292336,-11.030297644438216,6.661338147750939e-16,5426
python,author,base,guard,2001-2005,educ_cat[T.hs_attend],-0.36110997181142174,0.026150871987638834,-13.808716282275924,0.0,5426
python,author,base,guard,2001-2005,educ_cat[T.hs_complete],-0.23561670605020468,0.02355078988735784,-10.004620107314732,2.531308496145357e-14,5426
python,author,base,guard,2001-2005,educ_cat[T.some_college],-0.18680031025377122,0.024885765237330347,-7.506311679480043,3.7521408202678685e-10,5426
python,author,base,guard,2001-2005,female,-0.09141908136738405,0.012339874824086536,-7.408428583808701,5.498201893772148e-10,5426
python,author,base,guard,2001-2005,black,-0.0710599235275561,0.01636241769933167,-4.342874313155969,5.6079571979283926e-05,5426
python,author,base,guard,2001-2005,hispanic,-0.032168653889847666,0.019247305477819113,-1.6713328484820542,0.09995242588991649,5426
python,author,base,guard,2001-2005,age,0.03263362731761868,0.0017657420992538552,18.48153664762741,0.0,5426
python,author,base,guard,2001-2005,age2,-0.00035391662246829204,2.056253529485029e-05,-17.21172109340658,0.0,5426
python,author,base,guard,2001-2005,msa,0.05106353703712648,0.026581185449739822,1.921040622273161,0.059562433221749034,5426
python,author,base,guard,2001-2005,central_city,-0.03929173912298732,0.013555390822807828,-2.8986061439760493,0.005255131534209756,5426
python,author,base,guard,2001-2005,cc_unknown,-0.06350926767185949,0.01984608813819777,-3.2000899738837294,0.0022125121150675664,5426
python,author,base,guard,2001-2005,geo_unidentified,-0.04874450267705538,0.08121465115408877,-0.6001934624403213,0.5506757716106323,5426
python,author,base,guard,2006-2010,outsourced,-0.10393106742406027,0.012138944943151092,-8.561787528552815,6.1808336226931715e-12,5532
python,author,base,guard,2006-2010,union,0.15453653706173542,0.01913506895055927,8.076089898657967,4.069122816474646e-11,5532
python,author,base,guard,2006-2010,parttime,-0.19027243454358425,0.02054483763750925,-9.261325784157032,4.2033043712308427e-13,5532
python,author,base,guard,2006-2010,educ_cat[T.no_school],-0.6214159037438621,0.12582510796094015,-4.938727363832409,6.806323143981885e-06,5532
python,author,base,guard,2006-2010,educ_cat[T.primary],-0.40445452272198706,0.045693584232463266,-8.851451019126664,2.02171612784241e-12,5532
python,author,base,guard,2006-2010,educ_cat[T.hs_attend],-0.29971713890182844,0.032469911298365184,-9.230611569823376,4.725109192804666e-13,5532
python,author,base,guard,2006-2010,educ_cat[T.hs_complete],-0.1887920104065571,0.02293691133387164,-8.230925587952296,2.2287061085535242e-11,5532
python,author,base,guard,2006-2010,educ_cat[T.some_college],-0.14802993762270777,0.02216980005389992,-6.6770984520750165,9.501732067818125e-09,5532
python,author,base,guard,2006-2010,female,-0.09114772485278763,0.012080589273878752,-7.544973410351079,3.226556799518221e-10,5532
python,author,base,guard,2006-2010,black,-0.06932449966448535,0.016426519017490235,-4.220279390336545,8.53384559174053e-05,5532
python,author,base,guard,2006-2010,hispanic,-0.048984210925742046,0.02019244647831545,-2.4258680580555656,0.018348618635312564,5532
python,author,base,guard,2006-2010,age,0.034502692808321044,0.0026328553171961456,13.104667234455034,0.0,5532
python,author,base,guard,2006-2010,age2,-0.0003707393021616992,2.933911672172857e-05,-12.636348451728589,0.0,5532
python,author,base,guard,2006-2010,msa,0.0767339880395982,0.021545634190852633,3.5614634203794386,0.000736926050740383,5532
python,author,base,guard,2006-2010,central_city,-0.024784261310475356,0.01571324731314978,-1.577284492285335,0.12007728200752887,5532
python,author,base,guard,2006-2010,cc_unknown,-0.04196070005821839,0.018825978960028144,-2.228872142442661,0.029644511304837584,5532
python,author,base,guard,2006-2010,geo_unidentified,-0.12104378810854509,0.11455648936898949,-1.0566296922617786,0.29498800399822755,5532
python,author,base,guard,2011-2015,outsourced,-0.1369380334845721,0.013270164124108072,-10.319241887581109,7.771561172376096e-15,5416
python,author,base,guard,2011-2015,union,0.16024817880223177,0.020353294964921304,7.873328573010801,8.962919295640859e-11,5416
python,author,base,guard,2011-2015,parttime,-0.2000492364356072,0.016746116808059406,-11.946007467195589,0.0,5416
python,author,base,guard,2011-2015,educ_cat[T.no_school],0.11186139349205625,0.18454585067883728,0.6061441808666138,0.5467441139250484,5416
python,author,base,guard,2011-2015,educ_cat[T.primary],-0.5363247267530911,0.06381823744523171,-8.403941384519754,1.138844574199993e-11,5416
python,author,base,guard,2011-2015,educ_cat[T.hs_attend],-0.36861528741262223,0.029335012851157482,-12.56571078672896,0.0,5416
python,author,base,guard,2011-2015,educ_cat[T.hs_complete],-0.2146763273338563,0.021497832080659605,-9.985952375495042,2.708944180085382e-14,5416
python,author,base,guard,2011-2015,educ_cat[T.some_college],-0.1952982547909569,0.019526766692190712,-10.001566458468622,2.55351295663786e-14,5416
python,author,base,guard,2011-2015,female,-0.06301086040514653,0.012544756977323112,-5.022884103617942,5.012789713321197e-06,5416
python,author,base,guard,2011-2015,black,-0.07487837932921801,0.016146019116080067,-4.637575292763372,2.0024607771063074e-05,5416
python,author,base,guard,2011-2015,hispanic,-0.01899921737938115,0.01691019696831683,-1.1235361370999013,0.26576074050094123,5416
python,author,base,guard,2011-2015,age,0.03714719114337526,0.0018557877030034762,20.016940021347732,0.0,5416
python,author,base,guard,2011-2015,age2,-0.00037482131934324765,1.9866527595780028e-05,-18.866977006231615,0.0,5416
python,author,base,guard,2011-2015,msa,0.07467628151981465,0.025177763761485537,2.965961640884369,0.004350516466793852,5416
python,author,base,guard,2011-2015,central_city,-0.04143362142000511,0.013696085156992048,-3.0252163990709895,0.003676629471704551,5416
python,author,base,guard,2011-2015,cc_unknown,-0.028747133351857555,0.019959754177808455,-1.4402548796827888,0.1550809347296862,5416
python,author,base,guard,2011-2015,geo_unidentified,0.07822687753827282,0.06469066828161465,1.2092451603333523,0.23139216643786242,5416
python,author,base,janitor,1999,outsourced,-0.004610438294595231,0.017548263482629108,-0.2627290329415824,0.7976150905019481,2685
python,author,base,janitor,1999,union,0.22510759182879567,0.013697445274069188,16.434275686061675,4.342628923126313e-09,2685
python,author,base,janitor,1999,parttime,-0.09147703709534998,0.01736761097509817,-5.267105373704566,0.0002654981870158224,2685
python,author,base,janitor,1999,educ_cat[T.no_school],-0.3738452350468595,0.06834884805704323,-5.469664020304369,0.00019495522030665846,2685
python,author,base,janitor,1999,educ_cat[T.primary],-0.1663928521058744,0.03838351361052935,-4.335008352654552,0.0011846201175111926,2685
python,author,base,janitor,1999,educ_cat[T.hs_attend],-0.09297959443191532,0.038527233806845654,-2.413347267495607,0.03440991836543694,2685
python,author,base,janitor,1999,educ_cat[T.hs_complete],-0.01882141728185512,0.041473046562537474,-0.453822876346308,0.6587792773524312,2685
python,author,base,janitor,1999,educ_cat[T.some_college],0.021801958587276016,0.04465725101530254,0.4882064634879836,0.6349897358920571,2685
python,author,base,janitor,1999,female,-0.0819558201280108,0.012394915751165404,-6.61205140666689,3.801235601219588e-05,2685
python,author,base,janitor,1999,black,-0.08027803762107302,0.022020462984362537,-3.645610797469659,0.003850143429072528,2685
python,author,base,janitor,1999,hispanic,-0.055341235840122835,0.01749914364450184,-3.162511089936154,0.009038406348610861,2685
python,author,base,janitor,1999,age,0.02493428852597986,0.0034527365141057724,7.221601887115796,1.7048023595478412e-05,2685
python,author,base,janitor,1999,age2,-0.0002458861827690394,4.198769702276067e-05,-5.856148353069936,0.000109901438047455,2685
python,author,base,janitor,1999,msa,0.0739432451682626,0.016618662435527655,4.449410140865819,0.0009796503835213244,2685
python,author,base,janitor,1999,central_city,-0.045109536354610645,0.019420550700194193,-2.322773285422827,0.04038005093978092,2685
python,author,base,janitor,1999,cc_unknown,-0.038403880281038145,0.022946331600380596,-1.673639209519711,0.12236763379649784,2685
python,author,base,janitor,1999,geo_unidentified,-0.05635832054775831,0.08494340049594058,-0.6634808615938522,0.5206851189784609,2685
python,author,base,janitor,2000,outsourced,-0.02702507447803568,0.020893276670034135,-1.2934818652354316,0.22234663161095525,2775
python,author,base,janitor,2000,union,0.20854200125965047,0.02103585070334561,9.913647144609335,8.061730087938201e-07,2775
python,author,base,janitor,2000,parttime,-0.11447359887113541,0.013347980862528095,-8.576098516330523,3.3521392721613807e-06,2775
python,author,base,janitor,2000,educ_cat[T.no_school],-0.20018697328006904,0.06471358038745571,-3.0934306536819887,0.010223282513312615,2775
python,author,base,janitor,2000,educ_cat[T.primary],-0.13884000540062374,0.036613403333748296,-3.79205407743804,0.0029840743340159293,2775
python,author,base,janitor,2000,educ_cat[T.hs_attend],-0.11698739207878375,0.045739620340040255,-2.5576817474449722,0.026628326880374864,2775
python,author,base,janitor,2000,educ_cat[T.hs_complete],-0.02676850831410484,0.04099119209027397,-0.6530307353626886,0.5271495471830292,2775
python,author,base,janitor,2000,educ_cat[T.some_college],-0.014885398540766195,0.03882924548804289,-0.38335533831966984,0.7087617053746855,2775
python,author,base,janitor,2000,female,-0.06076527409387724,0.018720381764859777,-3.245942035644827,0.007791223974295214,2775
python,author,base,janitor,2000,black,-0.07380469814567545,0.019008664905488085,-3.882687106781862,0.002551522792712646,2775
python,author,base,janitor,2000,hispanic,-0.048891340628377994,0.01932885410145678,-2.529448480067587,0.028000869136346918,2775
python,author,base,janitor,2000,age,0.020598420533733727,0.003439527898947554,5.98873483190427,9.071790392400914e-05,2775
python,author,base,janitor,2000,age2,-0.0002120587747088623,4.262819523523485e-05,-4.9746130123187235,0.0004189910310619105,2775
python,author,base,janitor,2000,msa,0.0686300677626885,0.01481214250974248,4.633365343166799,0.0007244262986054739,2775
python,author,base,janitor,2000,central_city,-0.033219829561397345,0.01603622050201315,-2.07154981170451,0.06260522346882702,2775
python,author,base,janitor,2000,cc_unknown,-0.08201046448000102,0.025663413175427478,-3.195617976432122,0.008520882174193334,2775
python,author,base,janitor,2000,geo_unidentified,0.2219611386779843,0.0885293083490741,2.5072051597057996,0.029130857229261675,2775
python,author,base,janitor,2001,outsourced,-0.08801556684575551,0.018178334434912208,-4.841783891747428,0.000517514951611675,3003
python,author,base,janitor,2001,union,0.1512850187109058,0.016196123702458445,9.340816450293097,1.4549607065816872e-06,3003
python,author,base,janitor,2001,parttime,-0.11301148090714791,0.013359045213528797,-8.459547752162738,3.8259078847247e-06,3003
python,author,base,janitor,2001,educ_cat[T.no_school],-0.31298776450605886,0.05092201302632278,-6.1464138180136,7.244081605395358e-05,3003
python,author,base,janitor,2001,educ_cat[T.primary],-0.17899193081136078,0.04791380325438618,-3.7357070124667113,0.003290645593521546,3003
python,author,base,janitor,2001,educ_cat[T.hs_attend],-0.12891097013326194,0.04211964710321117,-3.0605899858888863,0.010840534427812631,3003
python,author,base,janitor,2001,educ_cat[T.hs_complete],-0.06741190658746342,0.04639672078010369,-1.452945498173476,0.17416315473942268,3003
python,author,base,janitor,2001,educ_cat[T.some_college],-0.016173060336436045,0.03883880731482405,-0.41641495850628474,0.6851157726277579,3003
python,author,base,janitor,2001,female,-0.08252213571860283,0.015213903733233048,-5.424126323235671,0.0002088660409889087,3003
python,author,base,janitor,2001,black,-0.10842260695262369,0.016310674383581306,-6.647340533127456,3.6241479876242266e-05,3003
python,author,base,janitor,2001,hispanic,-0.048775773714680684,0.01601141862909906,-3.046311813122909,0.011120512965087315,3003
python,author,base,janitor,2001,age,0.019995939972208734,0.002255323652225425,8.866106623977396,2.426667843113961e-06,3003
python,author,base,janitor,2001,age2,-0.00020247650529086518,2.563471674427064e-05,-7.89852711503507,7.373648142072753e-06,3003
python,author,base,janitor,2001,msa,0.07241689601654634,0.018375217875315607,3.941008836353867,0.0023080318863251126,3003
python,author,base,janitor,2001,central_city,-0.03735761083604656,0.013865951492129958,-2.694197427219474,0.02087202894886908,3003
python,author,base,janitor,2001,cc_unknown,-0.06990704888370512,0.0289160321218109,-2.417587883054513,0.0341524817549268,3003
python,author,base,janitor,2001,geo_unidentified,-0.15504512273520896,0.09355070129385211,-1.6573378990307803,0.12566628922206324,3003
python,author,base,janitor,2002,outsourced,-0.01662239921615649,0.0149596822458799,-1.111146543285338,0.2902021942414481,3055
python,author,base,janitor,2002,union,0.19127373573560522,0.014202897332590602,13.467233569076077,3.524647684827187e-08,3055
python,author,base,janitor,2002,parttime,-0.13917076074871068,0.014645781336715862,-9.502446987913178,1.2281368186872754e-06,3055
python,author,base,janitor,2002,educ_cat[T.no_school],-0.23784437583231344,0.05488232732100538,-4.3337151947140935,0.0011871784520043338,3055
python,author,base,janitor,2002,educ_cat[T.primary],-0.1311282887289673,0.03962956822953396,-3.3088497954222946,0.006967728095865766,3055
python,author,base,janitor,2002,educ_cat[T.hs_attend],-0.10760167894920088,0.03432750709970061,-3.1345614068823346,0.009500073457235914,3055
python,author,base,janitor,2002,educ_cat[T.hs_complete],-0.044276802175920206,0.041327295305494276,-1.0713694629329833,0.3069469924075101,3055
python,author,base,janitor,2002,educ_cat[T.some_college],0.051540228829037915,0.04017863049171074,1.282777142931021,0.22594050530197674,3055
python,author,base,janitor,2002,female,-0.07208578768486103,0.01672706223026144,-4.309530669076392,0.0012361045787792069,3055
python,author,base,janitor,2002,black,-0.1104052260338011,0.01657968971789476,-6.6590646696264,3.567286306016548e-05,3055
python,author,base,janitor,2002,hispanic,-0.07399102613901111,0.023054795373097084,-3.2093551446287014,0.008315071376772565,3055
python,author,base,janitor,2002,age,0.01705999514374277,0.002616577222141904,6.519966236569784,4.308448456402658e-05,3055
python,author,base,janitor,2002,age2,-0.00016408855895079025,3.317652307493342e-05,-4.945923916746046,0.0004384530409506926,3055
python,author,base,janitor,2002,msa,0.07150561994173096,0.015505004191271692,4.611776885683396,0.0007503667971533456,3055
python,author,base,janitor,2002,central_city,-0.02738076983313858,0.02186093188770985,-1.2524978337511754,0.2363624032647551,3055
python,author,base,janitor,2002,cc_unknown,-0.052165359163220536,0.03335765884159311,-1.5638195537324824,0.14615397123143525,3055
python,author,base,janitor,2002,geo_unidentified,0.018437610893618662,0.10349484950084242,0.1781500333837249,0.8618436143582571,3055
python,author,base,janitor,2003,outsourced,-0.020999554980162552,0.02577906994863135,-0.8145970751469043,0.43258519491999614,2826
python,author,base,janitor,2003,union,0.14907010863892872,0.0250640660049271,5.947562881841457,9.626097847958981e-05,2826
python,author,base,janitor,2003,parttime,-0.18389728449868725,0.019606093999404883,-9.379598226157093,1.3966850556101917e-06,2826
python,author,base,janitor,2003,educ_cat[T.no_school],-0.5041233107772176,0.08681279350299599,-5.807016344426468,0.00011807129713248266,2826
python,author,base,janitor,2003,educ_cat[T.primary],-0.3486947458796549,0.04670865090095146,-7.465314008299734,1.2530509378771981e-05,2826
python,author,base,janitor,2003,educ_cat[T.hs_attend],-0.3275830222825613,0.04849609733580945,-6.754832662393937,3.137077010872957e-05,2826
python,author,base,janitor,2003,educ_cat[T.hs_complete],-0.2369604649813292,0.04416205811762477,-5.36570248492925,0.00022827494268629067,2826
python,author,base,janitor,2003,educ_cat[T.some_college],-0.1828057278457176,0.04577785378988783,-3.993322375591552,0.002110152052039904,2826
python,author,base,janitor,2003,female,-0.09183969193701798,0.015813125072534157,-5.807814174349034,0.00011793358090850248,2826
python,author,base,janitor,2003,black,-0.07685934947260026,0.029855535997620333,-2.5743751336008978,0.025848105385054332,2826
python,author,base,janitor,2003,hispanic,-0.10674701547704034,0.033957309983235456,-3.1435651272065064,0.009348799195887603,2826
python,author,base,janitor,2003,age,0.020136203966016546,0.003947164692909776,5.1014349622114485,0.0003432766809905452,2826
python,author,base,janitor,2003,age2,-0.00020328034211713152,4.305403045342508e-05,-4.7215171257203385,0.0006279037878385019,2826
python,author,base,janitor,2003,msa,0.03818009556490963,0.017666234305097773,2.161190376258758,0.053593112954312794,2826
python,author,base,janitor,2003,central_city,-0.0331531602821656,0.032186081776755186,-1.030046481336813,0.3251050209317363,2826
python,author,base,janitor,2003,cc_unknown,-0.07156361553989718,0.02463894315236087,-2.9044920919442947,0.014329510826702752,2826
python,author,base,janitor,2003,geo_unidentified,0.10839474676816456,0.09593121110582115,1.1299215919268961,0.2825459400047501,2826
python,author,base,janitor,2004,outsourced,-0.06080505209933825,0.027389090099095816,-2.220046444746464,0.04836145567100436,2826
python,author,base,janitor,2004,union,0.15015974617469097,0.02224018337133904,6.751731479345718,3.150101317039855e-05,2826
python,author,base,janitor,2004,parttime,-0.11826303148882097,0.031131964568469856,-3.7987654530673787,0.0029495818514608807,2826
python,author,base,janitor,2004,educ_cat[T.no_school],-0.13614160959970187,0.1299661495030037,-1.0475159117994448,0.3173332637634467,2826
python,author,base,janitor,2004,educ_cat[T.primary],-0.28497939400822836,0.054263817873736006,-5.251738730793581,0.0002718567165940211,2826
python,author,base,janitor,2004,educ_cat[T.hs_attend],-0.22481771624378483,0.04111961244731327,-5.467408442427435,0.00019562056408917172,2826
python,author,base,janitor,2004,educ_cat[T.hs_complete],-0.1392985528428598,0.04693743529679738,-2.9677495577259285,0.012796736599001601,2826
python,author,base,janitor,2004,educ_cat[T.some_college],-0.05950358980686808,0.05736853956141776,-1.0372163952886506,0.3218983337082284,2826
python,author,base,janitor,2004,female,-0.10351810236184057,0.011297529941307971,-9.162896925224326,1.7581379083697612e-06,2826
python,author,base,janitor,2004,black,-0.0780128579936828,0.033924209943151935,-2.2996219550701946,0.04205989041225622,2826
python,author,base,janitor,2004,hispanic,-0.08336758303513205,0.017518881022198833,-4.758727622471655,0.0005913154669359155,2826
python,author,base,janitor,2004,age,0.021176421528286676,0.003055335967310726,6.930963322807977,2.4842880715247873e-05,2826
python,author,base,janitor,2004,age2,-0.00017907595720153077,3.431825639397173e-05,-5.2180960228791475,0.0002863479247738887,2826
python,author,base,janitor,2004,msa,0.056564386133857385,0.02836141459309027,1.994413429139682,0.07148469094096965,2826
python,author,base,janitor,2004,central_city,-0.021032183302069216,0.02576805405488626,-0.8162115485038342,0.4316996969074196,2826
python,author,base,janitor,2004,cc_unknown,-0.056743954688513454,0.025468912836704456,-2.22796925225395,0.04769560591459587,2826
python,author,base,janitor,2004,geo_unidentified,-0.18906408024082627,0.174492829939757,-1.0835062982593608,0.3017618908763966,2826
python,author,base,janitor,2005,outsourced,-0.05013423264683872,0.014246555655125349,-3.519042346828751,0.004806543073045733,2755
python,author,base,janitor,2005,union,0.19633333364513803,0.032146371181931935,6.107480453516581,7.65547479759654e-05,2755
python,author,base,janitor,2005,parttime,-0.12403798155683317,0.023288519766976327,-5.326142786143152,0.00024249786732877254,2755
python,author,base,janitor,2005,educ_cat[T.no_school],-0.20164948942510363,0.14712157394856923,-1.3706316756480343,0.19780905438137486,2755
python,author,base,janitor,2005,educ_cat[T.primary],-0.15550462395382345,0.05928730015548027,-2.6228993991295666,0.0237056849486339,2755
python,author,base,janitor,2005,educ_cat[T.hs_attend],-0.1505827608328324,0.05149249707219751,-2.924363147930089,0.013829140162480824,2755
python,author,base,janitor,2005,educ_cat[T.hs_complete],-0.020891943640065035,0.05026134853134511,-0.415666197794831,0.6856475656321326,2755
python,author,base,janitor,2005,educ_cat[T.some_college],-0.012592786889809447,0.04504843283911261,-0.27953884510885696,0.7850175872669582,2755
python,author,base,janitor,2005,female,-0.12396025362109303,0.013835675669195066,-8.959465123708325,2.190766169141156e-06,2755
python,author,base,janitor,2005,black,-0.12363890529340346,0.022546939886116984,-5.4836224302674745,0.00019089090768598105,2755
python,author,base,janitor,2005,hispanic,-0.09733593688881505,0.016013777433604603,-6.078262127245347,7.980570979526647e-05,2755
python,author,base,janitor,2005,age,0.02376774734360812,0.0022824861611611892,10.413095924978816,4.926266641280819e-07,2755
python,author,base,janitor,2005,age2,-0.00022526464625443528,2.545024974371204e-05,-8.851176256535208,2.466873788797841e-06,2755
python,author,base,janitor,2005,msa,0.08368474494310162,0.021679077662912175,3.860161684196861,0.0026525672351989105,2755
python,author,base,janitor,2005,central_city,-0.027380468112468147,0.018202376235043234,-1.5042249296965546,0.1606822530055867,2755
python,author,base,janitor,2005,cc_unknown,-0.06275622245166716,0.0243480675864611,-2.5774621426861475,0.02570630669903662,2755
python,author,base,janitor,2005,geo_unidentified,-0.0030068034036285,0.12876253960321618,-0.023351538521172485,0.9817880839314961,2755
python,author,base,guard,1999,outsourced,-0.16009624828726804,0.026826053681322695,-5.967938862313283,9.34738912639066e-05,943
python,author,base,guard,1999,union,0.05746393998266672,0.03591138967949256,1.6001591833546303,0.13786822136145016,943
python,author,base,guard,1999,parttime,-0.21734932604276724,0.02415415574786511,-8.998423638217117,2.0997539569300727e-06,943
python,author,base,guard,1999,educ_cat[T.primary],-0.4446040418393007,0.08300381103700731,-5.35642925649611,0.0002315276127946575,943
python,author,base,guard,1999,educ_cat[T.hs_attend],-0.3946972439699239,0.056146434432616625,-7.029782887524486,2.1832033584523458e-05,943
python,author,base,guard,1999,educ_cat[T.hs_complete],-0.21353417825305965,0.049669324836581694,-4.299115781332118,0.0012578199198360895,943
python,author,base,guard,1999,educ_cat[T.some_college],-0.18162611169333323,0.05467030568656871,-3.322207721585043,0.006804605567304334,943
python,author,base,guard,1999,female,-0.058815858561362164,0.03844078183048383,-1.530038041908938,0.15424271637070142,943
python,author,base,guard,1999,black,-0.08698465018656804,0.03975767131890031,-2.1878708511083396,0.051157957214711614,943
python,author,base,guard,1999,hispanic,-0.08405500161834463,0.028741867210817142,-2.92447950586558,0.013826262391789301,943
python,author,base,guard,1999,age,0.04173643894871107,0.005109726298286402,8.168038073332383,5.35778479626714e-06,943
python,author,base,guard,1999,age2,-0.00045579054404846364,5.7995803235752206e-05,-7.859026319467994,7.732139209348787e-06,943
python,author,base,guard,1999,msa,0.1864248807322867,0.04915353730761317,3.7927052851883394,0.0029807093027229836,943
python,author,base,guard,1999,central_city,0.007499694398139886,0.029113478497421966,0.25760214118020947,0.8014694478532016,943
python,author,base,guard,1999,cc_unknown,-0.08216244923756219,0.05387763684065887,-1.524982424165236,0.15548605857449638,943
python,author,base,guard,2000,outsourced,-0.18863978675155452,0.029017185794693888,-6.500967670891413,4.4218455428124415e-05,912
python,author,base,guard,2000,union,0.09905831454120637,0.040126040554090955,2.4686790217358516,0.031194512452405565,912
python,author,base,guard,2000,parttime,-0.2453874242432194,0.045340502941105365,-5.412101946949357,0.00021271251553445225,912
python,author,base,guard,2000,educ_cat[T.no_school],-0.4915522348493307,0.11200806688531911,-4.388543151562581,0.0010836174352637507,912
python,author,base,guard,2000,educ_cat[T.primary],-0.4465938947455552,0.08538459935586457,-5.230379929338877,0.0002809641099856819,912
python,author,base,guard,2000,educ_cat[T.hs_attend],-0.39889369616579173,0.0907008802491005,-4.397903251548076,0.0010669052312946015,912
python,author,base,guard,2000,educ_cat[T.hs_complete],-0.22295188741728494,0.07185816322918741,-3.102666104979513,0.010056187207969414,912
python,author,base,guard,2000,educ_cat[T.some_college],-0.1724172426205559,0.061470683359100296,-2.8048694629491338,0.01712495575879891,912
python,author,base,guard,2000,female,-0.026771625704754803,0.02819051134150568,-0.9496679709153835,0.3626796791554934,912
python,author,base,guard,2000,black,-0.11724427174089026,0.03211491265392508,-3.650773489697182,0.0038155748303170256,912
python,author,base,guard,2000,hispanic,-0.03318501287911391,0.07296998900220361,-0.4547761803569926,0.6581141929392416,912
python,author,base,guard,2000,age,0.03809172434512175,0.007238718982462196,5.26221896960077,0.00026750285319776523,912
python,author,base,guard,2000,age2,-0.00042159934814904273,7.987313198723815e-05,-5.27836254394537,0.0002609402444002651,912
python,author,base,guard,2000,msa,0.1649065267162504,0.051981794005971325,3.1723900621303494,0.00888072465301315,912
python,author,base,guard,2000,central_city,-0.04484089599129803,0.04002891523453487,-1.1202126195168944,0.28648545848806073,912
python,author,base,guard,2000,cc_unknown,-0.11593427919921884,0.04365396647881945,-2.6557559037726666,0.022355470486076445,912
python,author,base,guard,2000,geo_unidentified,0.05619843389555563,0.18196800434808422,0.30883689743639975,0.7632161370035311,912
python,author,base,guard,2001,outsourced,-0.09025206142483733,0.02446221725878118,-3.6894473003030677,0.0035665903282884326,1052
python,author,base,guard,2001,union,0.17931207646136485,0.04448498236403418,4.030845173636339,0.0019791411369187717,1052
python,author,base,guard,2001,parttime,-0.19941358405749274,0.032593623943640855,-6.118177727101104,7.540012600770751e-05,1052
python,author,base,guard,2001,educ_cat[T.primary],-0.5711667804707818,0.10711586749872401,-5.332233158430853,0.00024024833878133478,1052
python,author,base,guard,2001,educ_cat[T.hs_attend],-0.4396965915930412,0.06390999666679256,-6.879934509862151,2.6569442443280522e-05,1052
python,author,base,guard,2001,educ_cat[T.hs_complete],-0.25955696884991825,0.05570591332171573,-4.659415013104823,0.0006943754042172401,1052
python,author,base,guard,2001,educ_cat[T.some_college],-0.22027533656768233,0.053407917001834095,-4.124394826334789,0.0016880753030426021,1052
python,author,base,guard,2001,female,-0.09439317991361705,0.023618827545890418,-3.9965226779447436,0.0020986342660389568,1052
python,author,base,guard,2001,black,-0.09027442078945948,0.033588262791602666,-2.687677578014806,0.021116578371665806,1052
python,author,base,guard,2001,hispanic,-0.018857031736552437,0.04312130885685017,-0.4373019334629228,0.6703538513407992,1052
python,author,base,guard,2001,age,0.0340116676610117,0.004518039622090295,7.52797020520064,1.1590055753130102e-05,1052
python,author,base,guard,2001,age2,-0.00038099310660899994,5.778267575535625e-05,-6.593552507365207,3.897748791881206e-05,1052
python,author,base,guard,2001,msa,0.11853598001277284,0.054603127795611196,2.1708642855858584,0.052697686918859565,1052
python,author,base,guard,2001,central_city,-0.013450762499930423,0.026101089947221476,-0.5153333645119402,0.6165181597081013,1052
python,author,base,guard,2001,cc_unknown,-0.06552364050754195,0.03934217209357879,-1.6654810098356605,0.12400873533485934,1052
python,author,base,guard,2001,geo_unidentified,-0.06426580289261104,0.14336976478367638,-0.4482521331438226,0.6626719227577755,1052
python,author,base,guard,2002,outsourced,-0.10374988811276067,0.023009548028388626,-4.508992874816862,0.0008879696082200184,1177
python,author,base,guard,2002,union,0.12347768376575759,0.04754635951440233,2.5969955434412344,0.02482664129792278,1177
python,author,base,guard,2002,parttime,-0.3042005412547045,0.015459502755167534,-19.677252630458742,6.363005677911815e-10,1177
python,author,base,guard,2002,educ_cat[T.primary],-0.4804261610253574,0.08224302028832185,-5.84154326216514,0.0001122652022589321,1177
python,author,base,guard,2002,educ_cat[T.hs_attend],-0.3511791145969551,0.06528868309259038,-5.37886656557192,0.00022374053569484964,1177
python,author,base,guard,2002,educ_cat[T.hs_complete],-0.26513708150165877,0.047924691392733046,-5.532369094021171,0.0001773887830696097,1177
python,author,base,guard,2002,educ_cat[T.some_college],-0.21062646778507074,0.052140661749455156,-4.039581791216366,0.0019498700166169503,1177
python,author,base,guard,2002,female,-0.08685471320249326,0.02420111523307849,-3.588872346005724,0.00425201710080958,1177
python,author,base,guard,2002,black,-0.09662514399820597,0.03047316306018371,-3.1708275182124614,0.00890547792165508,1177
python,author,base,guard,2002,hispanic,-0.10679380671809872,0.05242157915350902,-2.0372107907197625,0.06642208034790009,1177
python,author,base,guard,2002,age,0.03147061227950596,0.003384382268726344,9.298775900793679,1.521115069902379e-06,1177
python,author,base,guard,2002,age2,-0.00034318845587544516,4.004902534011983e-05,-8.569208687624414,3.378309362034315e-06,1177
python,author,base,guard,2002,msa,0.02868183628201566,0.06574974081077167,0.4362273665011431,0.6711098386422782,1177
python,author,base,guard,2002,central_city,-0.027382868069614225,0.030021003946226386,-0.9121236624418827,0.38125915311067526,1177
python,author,base,guard,2002,cc_unknown,-0.029808038424139007,0.05210212713986409,-0.5721078977086992,0.5787530822549978,1177
python,author,base,guard,2002,geo_unidentified,-0.07922641298198481,0.1839869656427101,-0.4306088352793262,0.6750688024911384,1177
python,author,base,guard,2003,outsourced,-0.08590771640159654,0.020242320799627563,-4.243965761237079,0.001379650239321073,1087
python,author,base,guard,2003,union,0.17217646865194736,0.027538840079473104,6.252132194205385,6.241593123634814e-05,1087
python,author,base,guard,2003,parttime,-0.2344383919022071,0.03515628159121541,-6.668463821861834,3.522390857280122e-05,1087
python,author,base,guard,2003,educ_cat[T.primary],-0.38772566305943634,0.0925377151546601,-4.189920427702616,0.0015110471370234357,1087
python,author,base,guard,2003,educ_cat[T.hs_attend],-0.2958110661405168,0.049329493469729396,-5.99663700828468,8.969350446963453e-05,1087
python,author,base,guard,2003,educ_cat[T.hs_complete],-0.22463058089066337,0.041859512396110306,-5.366297121787224,0.00022806802929653536,1087
python,author,base,guard,2003,educ_cat[T.some_college],-0.20247589779796635,0.035974848515914974,-5.628262693264509,0.00015370183437712903,1087
python,author,base,guard,2003,female,-0.07399096414186275,0.02845186262409211,-2.600566617357755,0.02466905771334682,1087
python,author,base,guard,2003,black,-0.01982368083476752,0.03316689076399975,-0.5976948811941301,0.5621461999050483,1087
python,author,base,guard,2003,hispanic,0.026364568549376816,0.03603973121865299,0.7315417639888329,0.4797430238659546,1087
python,author,base,guard,2003,age,0.033218749905875006,0.004166185887484901,7.97342000645318,6.742131080095248e-06,1087
python,author,base,guard,2003,age2,-0.00034555908208405136,4.4204355994962e-05,-7.8173083694157866,8.131220196716527e-06,1087
python,author,base,guard,2003,msa,0.009204051777286582,0.04966970394967231,0.18530514670698586,0.856362267759688,1087
python,author,base,guard,2003,central_city,-0.030142953302224926,0.023697851929050082,-1.271969855853226,0.22961663052825965,1087
python,author,base,guard,2003,cc_unknown,-0.053796557897605214,0.03738259970515664,-1.4390801688996606,0.17796983002199007,1087
python,author,base,guard,2003,geo_unidentified,-0.02686805582768817,0.09291889498161542,-0.28915599817458204,0.7778389015582341,1087
python,author,base,guard,2004,outsourced,-0.1163234774447871,0.02156450954419587,-5.394209277349217,0.0002185760173889495,1070
python,author,base,guard,2004,union,0.17996174386035843,0.03522663451713846,5.108683992301435,0.0003394114569026385,1070
python,author,base,guard,2004,parttime,-0.2172016985530945,0.036845710267716485,-5.894897858527714,0.00010388333790833926,1070
python,author,base,guard,2004,educ_cat[T.primary],-0.3604850235155621,0.07999300824315396,-4.506456644558226,0.0008916826733034178,1070
python,author,base,guard,2004,educ_cat[T.hs_attend],-0.35478402294634975,0.04247994829140731,-8.351799783572575,4.32857859644642e-06,1070
python,author,base,guard,2004,educ_cat[T.hs_complete],-0.2168535052265198,0.05276622397755872,-4.109702928880163,0.001730657724717144,1070
python,author,base,guard,2004,educ_cat[T.some_college],-0.1443182134361711,0.053825447814447286,-2.6812264327772977,0.021361344155792272,1070
python,author,base,guard,2004,female,-0.06442781366791524,0.030655339830907912,-2.1016832311529816,0.0594268714921482,1070
python,author,base,guard,2004,black,-0.05267883622699601,0.046004881028485295,-1.1450705892354844,0.27648293931055945,1070
python,author,base,guard,2004,hispanic,-0.03192365335489127,0.038005286975645806,-0.8399792738138852,0.4188027387963258,1070
python,author,base,guard,2004,age,0.034303042194474415,0.0038206319787518887,8.97836860112353,2.146084290277628e-06,1070
python,author,base,guard,2004,age2,-0.0003654430871277213,4.608676890529712e-05,-7.929457755623177,7.105431927056927e-06,1070
python,author,base,guard,2004,msa,0.05298922529515098,0.052000326506782275,1.0190171649833724,0.3300839787337051,1070
python,author,base,guard,2004,central_city,-0.07057062660882074,0.0266090947062827,-2.6521242976431756,0.0225008920378873,1070
python,author,base,guard,2004,cc_unknown,-0.051181867508329364,0.042615950116092365,-1.2010026144882873,0.254972689363721,1070
python,author,base,guard,2004,geo_unidentified,-0.04039213772433293,0.20739126715521428,-0.19476296315843877,0.8491290474818218,1070
python,author,base,guard,2005,outsourced,-0.06921274687345647,0.01776548572808253,-3.8959107526145167,0.0024940716248367245,1040
python,author,base,guard,2005,union,0.06722585811285772,0.027634150828248768,2.4327093866816663,0.03324965737646912,1040
python,author,base,guard,2005,parttime,-0.17298971495947144,0.044318477339806345,-3.903331642761428,0.0024624204244425574,1040
python,author,base,guard,2005,educ_cat[T.primary],-0.5229050288779331,0.08661812349328964,-6.036900913911428,8.466206160995249e-05,1040
python,author,base,guard,2005,educ_cat[T.hs_attend],-0.3767202875322657,0.07422218100528269,-5.075575554771868,0.00035744886722399727,1040
python,author,base,guard,2005,educ_cat[T.hs_complete],-0.2034286029079015,0.06316447191210577,-3.2206174887518286,0.00815011055373871,1040
python,author,base,guard,2005,educ_cat[T.some_college],-0.14499454518468324,0.07161179077392414,-2.0247300565688384,0.06786267188376116,1040
python,author,base,guard,2005,female,-0.1369846177501557,0.03215284681619409,-4.260419568234377,0.0013420619555113422,1040
python,author,base,guard,2005,black,-0.10969104657304282,0.04237619471616985,-2.5885062900937412,0.025205243971831104,1040
python,author,base,guard,2005,hispanic,-0.031780304467993716,0.04428308071315083,-0.7176624560936623,0.48792671625214346,1040
python,author,base,guard,2005,age,0.03130368607492039,0.005007079553255109,6.251885104275969,6.243755405899165e-05,1040
python,author,base,guard,2005,age2,-0.0003472689866337363,5.632122552489144e-05,-6.165863462616933,7.047465694909327e-05,1040
python,author,base,guard,2005,msa,0.032718751017788705,0.060602945346142544,0.5398871429583297,0.600033825187253,1040
python,author,base,guard,2005,central_city,-0.04683683919882724,0.0401793733274639,-1.1656936213789264,0.2683923485381021,1040
python,author,base,guard,2005,cc_unknown,-0.11119061360625801,0.05095444118249393,-2.18215745332242,0.05167038989672834,1040
python,author,base,guard,2005,geo_unidentified,-0.0246091289537371,0.14835068265634835,-0.16588483796022496,0.8712571921632231,1040
python,author_parttime35,base,janitor,1983-2000,outsourced,-0.04721318143536661,0.0042967028658340255,-10.988235144391847,0.0,57297
python,author_parttime35,base,janitor,1983-2000,union,0.24662298433598231,0.004733434225398718,52.102336821889224,0.0,57297
python,author_parttime35,base,janitor,1983-2000,parttime35,-0.1573954715636505,0.004136185735019797,-38.053289104266284,0.0,57297
python,author_parttime35,base,janitor,1983-2000,educ_cat[T.no_school],-0.18384700600924034,0.02260911422112306,-8.131543952194166,3.574918139293004e-14,57297
python,author_parttime35,base,janitor,1983-2000,educ_cat[T.primary],-0.11874682664918607,0.010373735383161147,-11.44687253560933,0.0,57297
python,author_parttime35,base,janitor,1983-2000,educ_cat[T.hs_attend],-0.05093514896260982,0.010769610323788098,-4.729525714603007,4.1150085743346665e-06,57297
python,author_parttime35,base,janitor,1983-2000,educ_cat[T.hs_complete],-0.0027756846389695236,0.011054866639527476,-0.25108259823278756,0.8019945950474825,57297
python,author_parttime35,base,janitor,1983-2000,educ_cat[T.some_college],0.025925922282908135,0.011102122031310923,2.335222240378026,0.020471082875778146,57297
python,author_parttime35,base,janitor,1983-2000,female,-0.07175122522697451,0.003702189278171737,-19.380755503243105,0.0,57297
python,author_parttime35,base,janitor,1983-2000,black,-0.0994655630821562,0.0050042795022361,-19.876100652993355,0.0,57297
python,author_parttime35,base,janitor,1983-2000,hispanic,-0.07632243996645603,0.005640495265333434,-13.531159300059139,0.0,57297
python,author_parttime35,base,janitor,1983-2000,age,0.02558280333169721,0.0007744689646697992,33.03270305041163,0.0,57297
python,author_parttime35,base,janitor,1983-2000,age2,-0.00024905103617641925,9.262050040881392e-06,-26.88940732096489,0.0,57297
python,author_parttime35,base,janitor,1983-2000,msa,0.07169220039687273,0.0051437167443867775,13.937820443769345,0.0,57297
python,author_parttime35,base,janitor,1983-2000,central_city,-0.03749114872351637,0.004782175308236038,-7.839768788682367,2.2026824808563106e-13,57297
python,author_parttime35,base,janitor,1983-2000,cc_unknown,-0.05603435140099745,0.014350374897911548,-3.9047308380181964,0.00012694651377542776,57297
python,author_parttime35,base,janitor,1983-2000,geo_unidentified,0.028364009966552178,0.00633488564315176,4.4774304643075435,1.2363206687293626e-05,57297
python,author_parttime35,base,janitor,2001-2025,outsourced,-0.030707221856957612,0.0041540770542779415,-7.392068431984134,1.602495913743951e-12,60356
python,author_parttime35,base,janitor,2001-2025,union,0.13260642705799114,0.00523318699550301,25.339516277928286,0.0,60356
python,author_parttime35,base,janitor,2001-2025,parttime35,-0.16427316115914256,0.00415060277147207,-39.57814568241151,0.0,60356
python,author_parttime35,base,janitor,2001-2025,educ_cat[T.no_school],-0.3016307417031301,0.02188090217440134,-13.785114493862622,0.0,60356
python,author_parttime35,base,janitor,2001-2025,educ_cat[T.primary],-0.238312749596683,0.010960072103800811,-21.743720966401234,0.0,60356
python,author_parttime35,base,janitor,2001-2025,educ_cat[T.hs_attend],-0.197867464204638,0.010626305415655927,-18.620532392482932,0.0,60356
python,author_parttime35,base,janitor,2001-2025,educ_cat[T.hs_complete],-0.10963778747098998,0.010236732814899356,-10.710232400655649,0.0,60356
python,author_parttime35,base,janitor,2001-2025,educ_cat[T.some_college],-0.07263020214775867,0.010550928750657834,-6.8837733496428255,3.691158489971258e-11,60356
python,author_parttime35,base,janitor,2001-2025,female,-0.09050230824800137,0.003516874451221206,-25.73373303575713,0.0,60356
python,author_parttime35,base,janitor,2001-2025,black,-0.09599295265777812,0.005405997920700817,-17.756749829702837,0.0,60356
python,author_parttime35,base,janitor,2001-2025,hispanic,-0.05827173943909173,0.005330599882031089,-10.93155380795318,0.0,60356
python,author_parttime35,base,janitor,2001-2025,age,0.019227420614570893,0.0007008783688440949,27.433320058487762,0.0,60356
python,author_parttime35,base,janitor,2001-2025,age2,-0.00017715578120812276,7.942469058800034e-06,-22.30487520903076,0.0,60356
python,author_parttime35,base,janitor,2001-2025,msa,0.04869609418725225,0.005207613590930124,9.35094229573103,0.0,60356
python,author_parttime35,base,janitor,2001-2025,central_city,-0.029593007982468156,0.004522751674175128,-6.543142342181635,2.7746471786826987e-10,60356
python,author_parttime35,base,janitor,2001-2025,cc_unknown,-0.04305155262487091,0.005263556144167315,-8.17917610180286,9.325873406851315e-15,60356
python,author_parttime35,base,janitor,2001-2025,geo_unidentified,0.013688424191833607,0.01839862795410041,0.7439915751317172,0.4574923757113596,60356
python,author_parttime35,base,guard,1983-2000,outsourced,-0.22240426183783638,0.006582625105363492,-33.78656057089176,0.0,18251
python,author_parttime35,base,guard,1983-2000,union,0.1763848532017185,0.009508500994864987,18.550227138533632,0.0,18251
python,author_parttime35,base,guard,1983-2000,parttime35,-0.23808931215916987,0.00884310572171954,-26.923721105629102,0.0,18251
python,author_parttime35,base,guard,1983-2000,educ_cat[T.no_school],-0.4589660322579704,0.07750198807277985,-5.921990437548116,1.2762963574886044e-08,18251
python,author_parttime35,base,guard,1983-2000,educ_cat[T.primary],-0.32637604868912545,0.0195723517131174,-16.67536193263828,0.0,18251
python,author_parttime35,base,guard,1983-2000,educ_cat[T.hs_attend],-0.23165742324257604,0.014700160232626863,-15.75883660971359,0.0,18251
python,author_parttime35,base,guard,1983-2000,educ_cat[T.hs_complete],-0.16562606185677886,0.014974301730400461,-11.060686824583538,0.0,18251
python,author_parttime35,base,guard,1983-2000,educ_cat[T.some_college],-0.11875090256637875,0.01493089384080007,-7.953368621634745,1.0902390101819037e-13,18251
python,author_parttime35,base,guard,1983-2000,female,-0.04657394221079922,0.008875694117357546,-5.24735773844639,3.747882344473652e-07,18251
python,author_parttime35,base,guard,1983-2000,black,-0.05931748314667448,0.009489853628767288,-6.250621502407693,2.2297188539965873e-09,18251
python,author_parttime35,base,guard,1983-2000,hispanic,-0.08661321613966973,0.012956024577776294,-6.685169175137176,2.025883905076853e-10,18251
python,author_parttime35,base,guard,1983-2000,age,0.035926247656159135,0.0013573970112430735,26.467015441015807,0.0,18251
python,author_parttime35,base,guard,1983-2000,age2,-0.0003916148118772339,1.5491488092934157e-05,-25.279354025121307,0.0,18251
python,author_parttime35,base,guard,1983-2000,msa,0.08826536021021876,0.010908509124156838,8.091422870496167,4.618527782440651e-14,18251
python,author_parttime35,base,guard,1983-2000,central_city,-0.033166363757563315,0.008110723765570847,-4.089199030344367,6.155593648871083e-05,18251
python,author_parttime35,base,guard,1983-2000,cc_unknown,-0.08401235227298401,0.02744639307632383,-3.060961490982065,0.0024928968546003016,18251
python,author_parttime35,base,guard,1983-2000,geo_unidentified,0.01383739293798565,0.01397252614432718,0.9903286488824075,0.3231478069040037,18251
python,author_parttime35,base,guard,2001-2025,outsourced,-0.0926640882788996,0.005949639508219745,-15.574739973889042,0.0,24143
python,author_parttime35,base,guard,2001-2025,union,0.12767649355240138,0.009773255895187889,13.063864787912301,0.0,24143
python,author_parttime35,base,guard,2001-2025,parttime35,-0.20404215658061964,0.007790008025123262,-26.19280441336786,0.0,24143
python,author_parttime35,base,guard,2001-2025,educ_cat[T.no_school],-0.2661098910771561,0.16016323570820765,-1.6614917268652507,0.09771044141394714,24143
python,author_parttime35,base,guard,2001-2025,educ_cat[T.primary],-0.4524248838966697,0.023818876418789166,-18.994383947505646,0.0,24143
python,author_parttime35,base,guard,2001-2025,educ_cat[T.hs_attend],-0.3512371846801084,0.013801746581616751,-25.44874901180544,0.0,24143
python,author_parttime35,base,guard,2001-2025,educ_cat[T.hs_complete],-0.2189794701277326,0.011029042422196583,-19.85480350379502,0.0,24143
python,author_parttime35,base,guard,2001-2025,educ_cat[T.some_college],-0.177974958054749,0.010906704245511477,-16.317941153304165,0.0,24143
python,author_parttime35,base,guard,2001-2025,female,-0.08093527559248326,0.006861616378378905,-11.795365862701388,0.0,24143
python,author_parttime35,base,guard,2001-2025,black,-0.06767308705947414,0.007728372970845609,-8.756446837486108,2.220446049250313e-16,24143
python,author_parttime35,base,guard,2001-2025,hispanic,-0.03800835339910579,0.008825652852564625,-4.3065769789552775,2.281205132481645e-05,24143
python,author_parttime35,base,guard,2001-2025,age,0.02939068546309153,0.0011324490736343213,25.953207210253822,0.0,24143
python,author_parttime35,base,guard,2001-2025,age2,-0.0003039948092550661,1.275142731590215e-05,-23.840061329915425,0.0,24143
python,author_parttime35,base,guard,2001-2025,msa,0.05948161443952957,0.01143714994700805,5.200737483999666,3.788440017249428e-07,24143
python,author_parttime35,base,guard,2001-2025,central_city,-0.03858740938352945,0.007282437682266639,-5.2986940729329,2.332740842714287e-07,24143
python,author_parttime35,base,guard,2001-2025,cc_unknown,-0.0335762131128844,0.00949470270836962,-3.536310103031117,0.00047317986203831985,24143
python,author_parttime35,base,guard,2001-2025,geo_unidentified,0.0042319581626997825,0.04368063257365518,0.0968840859976963,0.9228863037537813,24143
python,author_gov,base,janitor,1983-2000,outsourced,-0.05269893215508147,0.004427017098088025,-11.903936891917924,0.0,57297
python,author_gov,base,janitor,1983-2000,union,0.25437321708235927,0.004958278141622971,51.30273248428464,0.0,57297
python,author_gov,base,janitor,1983-2000,parttime,-0.1292602946038995,0.004623970856900657,-27.95439214565893,0.0,57297
python,author_gov,base,janitor,1983-2000,educ_cat[T.no_school],-0.1882842212580237,0.023101194585944906,-8.150410601388486,3.175237850427948e-14,57297
python,author_gov,base,janitor,1983-2000,educ_cat[T.primary],-0.11713413045942712,0.010517292340784174,-11.137289585951887,0.0,57297
python,author_gov,base,janitor,1983-2000,educ_cat[T.hs_attend],-0.05000211496898828,0.010878895076657418,-4.5962494000219385,7.402263474620696e-06,57297
python,author_gov,base,janitor,1983-2000,educ_cat[T.hs_complete],0.00016164102233433026,0.01114493321639219,0.014503543376696544,0.9884419567070295,57297
python,author_gov,base,janitor,1983-2000,educ_cat[T.some_college],0.027383995133647754,0.011197659872604526,2.445510530342476,0.015284198586986264,57297
python,author_gov,base,janitor,1983-2000,female,-0.0808329247100678,0.003692139158835698,-21.893249748354055,0.0,57297
python,author_gov,base,janitor,1983-2000,black,-0.09950189840103062,0.005052666088423622,-19.69294955568183,0.0,57297
python,author_gov,base,janitor,1983-2000,hispanic,-0.07243934384314171,0.005663572817334298,-12.790396835974134,0.0,57297
python,author_gov,base,janitor,1983-2000,age,0.027334984866267092,0.0007908905913340905,34.562283539317214,0.0,57297
python,author_gov,base,janitor,1983-2000,age2,-0.0002689450843281697,9.466013926576664e-06,-28.411651030121856,0.0,57297
python,author_gov,base,janitor,1983-2000,msa,0.07223899933964976,0.0051762030516038305,13.955982526084778,0.0,57297
python,author_gov,base,janitor,1983-2000,central_city,-0.03717154770110817,0.004812785410145883,-7.723499913947221,4.4986236957811343e-13,57297
python,author_gov,base,janitor,1983-2000,cc_unknown,-0.05922156616775512,0.014511704021836021,-4.080951904658706,6.36149639912098e-05,57297
python,author_gov,base,janitor,1983-2000,geo_unidentified,0.02849332477449634,0.006454038194762718,4.414805725447662,1.6135761066182752e-05,57297
python,author_gov,base,janitor,1983-2000,gov_employee,0.00524479658925571,0.004375394707082445,1.1987025035172176,0.2319881847948666,57297
python,author_gov,base,janitor,2001-2025,outsourced,-0.030807405064542707,0.004285307068760631,-7.189077601725429,5.708766792622555e-12,60356
python,author_gov,base,janitor,2001-2025,union,0.13491148903843303,0.005331595330811687,25.304150196615538,0.0,60356
python,author_gov,base,janitor,2001-2025,parttime,-0.14598475158416083,0.004480339168000812,-32.58341525275668,0.0,60356
python,author_gov,base,janitor,2001-2025,educ_cat[T.no_school],-0.299539210940004,0.022021296515467727,-13.60225138104871,0.0,60356
python,author_gov,base,janitor,2001-2025,educ_cat[T.primary],-0.23666031319391134,0.010960478330231376,-21.59215191741686,0.0,60356
python,author_gov,base,janitor,2001-2025,educ_cat[T.hs_attend],-0.19651511371238056,0.010650053903159392,-18.452029961471215,0.0,60356
python,author_gov,base,janitor,2001-2025,educ_cat[T.hs_complete],-0.10845892211845483,0.010230655587117601,-10.601365786863733,0.0,60356
python,author_gov,base,janitor,2001-2025,educ_cat[T.some_college],-0.07239399770224518,0.010527061084767178,-6.876942873163378,3.846167828669422e-11,60356
python,author_gov,base,janitor,2001-2025,female,-0.09647454535609544,0.00353414779814798,-27.297824218515014,0.0,60356
python,author_gov,base,janitor,2001-2025,black,-0.09660706737521936,0.005473481727106154,-17.65002099062379,0.0,60356
python,author_gov,base,janitor,2001-2025,hispanic,-0.05589314538754133,0.005353575460489371,-10.440339507688966,0.0,60356
python,author_gov,base,janitor,2001-2025,age,0.020417622177426927,0.0007051375529020684,28.955516683796002,0.0,60356
python,author_gov,base,janitor,2001-2025,age2,-0.00018999471311335062,7.96635916613669e-06,-23.849629316360478,0.0,60356
python,author_gov,base,janitor,2001-2025,msa,0.0497544922146623,0.005163372702681265,9.636045096807656,0.0,60356
python,author_gov,base,janitor,2001-2025,central_city,-0.02947721635722341,0.004568233554463365,-6.452650900132476,4.685296595141608e-10,60356
python,author_gov,base,janitor,2001-2025,cc_unknown,-0.044590493766230074,0.005275453993633604,-8.452446712651025,1.5543122344752192e-15,60356
python,author_gov,base,janitor,2001-2025,geo_unidentified,0.014682243119071946,0.018527817100448325,0.7924432241246959,0.42875910831166086,60356
python,author_gov,base,janitor,2001-2025,gov_employee,0.01600416072195936,0.004424357584075456,3.6172846380145605,0.0003518480536504054,60356
python,author_gov,base,guard,1983-2000,outsourced,-0.19451402664069142,0.006991459174312623,-27.821663803080906,0.0,18251
python,author_gov,base,guard,1983-2000,union,0.15157327637474835,0.010069235981163844,15.053105981257268,0.0,18251
python,author_gov,base,guard,1983-2000,parttime,-0.22564152914815297,0.009785976162020352,-23.05764140565497,0.0,18251
python,author_gov,base,guard,1983-2000,educ_cat[T.no_school],-0.4482674635634526,0.08009334358602743,-5.59681296214052,6.740030378260542e-08,18251
python,author_gov,base,guard,1983-2000,educ_cat[T.primary],-0.31013416971060354,0.01932826967972394,-16.045625130942042,0.0,18251
python,author_gov,base,guard,1983-2000,educ_cat[T.hs_attend],-0.21290204682987854,0.014424959699228886,-14.759281916140093,0.0,18251
python,author_gov,base,guard,1983-2000,educ_cat[T.hs_complete],-0.1481765116880488,0.01499391672783646,-9.882441951471998,0.0,18251
python,author_gov,base,guard,1983-2000,educ_cat[T.some_college],-0.10831845046244326,0.014677774917411674,-7.379759607428595,3.5926817076870066e-12,18251
python,author_gov,base,guard,1983-2000,female,-0.05472213910628478,0.00897519304451365,-6.097043131538579,5.077763320926465e-09,18251
python,author_gov,base,guard,1983-2000,black,-0.06463950723459576,0.009564940589679553,-6.7579622297226765,1.342488342714887e-10,18251
python,author_gov,base,guard,1983-2000,hispanic,-0.0829327624317559,0.012965867474099729,-6.396237089220615,1.0095004832066934e-09,18251
python,author_gov,base,guard,1983-2000,age,0.03705492562394948,0.0013732227181928456,26.98391537879127,0.0,18251
python,author_gov,base,guard,1983-2000,age2,-0.00040620369429760856,1.5648302546990695e-05,-25.95832315216356,0.0,18251
python,author_gov,base,guard,1983-2000,msa,0.0941754117126243,0.011084479844980878,8.496150746781998,3.552713678800501e-15,18251
python,author_gov,base,guard,1983-2000,central_city,-0.030447671469255578,0.007898735942501326,-3.8547524174625827,0.00015377176368391865,18251
python,author_gov,base,guard,1983-2000,cc_unknown,-0.10393684210672854,0.026188807443301848,-3.968750479828047,9.903284472412288e-05,18251
python,author_gov,base,guard,1983-2000,geo_unidentified,0.013726323216611729,0.013581942545904524,1.0106303402638632,0.31335091068968124,18251
python,author_gov,base,guard,1983-2000,gov_employee,0.1416895013753219,0.010409841863453333,13.61110987408585,0.0,18251
python,author_gov,base,guard,2001-2025,outsourced,-0.06686852946970871,0.006420252382486277,-10.41524935252055,0.0,24143
python,author_gov,base,guard,2001-2025,union,0.10473704455176798,0.010047810676328942,10.423867240901737,0.0,24143
python,author_gov,base,guard,2001-2025,parttime,-0.1900759284405947,0.008869450312640834,-21.430406816721945,0.0,24143
python,author_gov,base,guard,2001-2025,educ_cat[T.no_school],-0.262380024728426,0.15825332673057302,-1.6579747809986272,0.0984189233134849,24143
python,author_gov,base,guard,2001-2025,educ_cat[T.primary],-0.44311579005596347,0.02430416908605831,-18.232089666877343,0.0,24143
python,author_gov,base,guard,2001-2025,educ_cat[T.hs_attend],-0.34184034470362257,0.013922953791016825,-24.552286090626836,0.0,24143
python,author_gov,base,guard,2001-2025,educ_cat[T.hs_complete],-0.21156879600097708,0.0111251341478223,-19.01719055157558,0.0,24143
python,author_gov,base,guard,2001-2025,educ_cat[T.some_college],-0.17535701984363675,0.01083310471235389,-16.187143436697564,0.0,24143
python,author_gov,base,guard,2001-2025,female,-0.08788666974219801,0.006859283681354555,-12.81280580085913,0.0,24143
python,author_gov,base,guard,2001-2025,black,-0.06949565827051638,0.007661584421402435,-9.07066403606832,0.0,24143
python,author_gov,base,guard,2001-2025,hispanic,-0.03866808248252318,0.008702125062141733,-4.443521807190202,1.2667375519637147e-05,24143
python,author_gov,base,guard,2001-2025,age,0.03022012774704128,0.0011190630544198343,27.0048480536323,0.0,24143
python,author_gov,base,guard,2001-2025,age2,-0.0003139277113063391,1.2544943127808556e-05,-25.02424348265486,0.0,24143
python,author_gov,base,guard,2001-2025,msa,0.06447536687111337,0.011584078731955098,5.565860554215308,6.003768104889673e-08,24143
python,author_gov,base,guard,2001-2025,central_city,-0.036706356337110155,0.00721299745489342,-5.088918520580918,6.533941327990789e-07,24143
python,author_gov,base,guard,2001-2025,cc_unknown,-0.0378367889550128,0.009529482950711838,-3.9704975758612853,9.079833607428256e-05,24143
python,author_gov,base,guard,2001-2025,geo_unidentified,-0.0003342335700883812,0.04410569870967758,-0.007578013269633214,0.9939589612088111,24143
python,author_gov,base,guard,2001-2025,gov_employee,0.10933125267796112,0.00971530236306168,11.253510039342355,0.0,24143
python,author_untrimmed,base,janitor,1983-2000,outsourced,-0.043901013255666664,0.004676703941560538,-9.387169640038756,0.0,57796
python,author_untrimmed,base,janitor,1983-2000,union,0.26462302802444443,0.00514603397108813,51.42271300795354,0.0,57796
python,author_untrimmed,base,janitor,1983-2000,parttime,-0.13345660590896094,0.005305674634816887,-25.153560120930198,0.0,57796
python,author_untrimmed,base,janitor,1983-2000,educ_cat[T.no_school],-0.2704216102491808,0.029550790719385562,-9.151078656984364,0.0,57796
python,author_untrimmed,base,janitor,1983-2000,educ_cat[T.primary],-0.13109108446419007,0.011909435099204566,-11.0073301858747,0.0,57796
python,author_untrimmed,base,janitor,1983-2000,educ_cat[T.hs_attend],-0.05744354745393118,0.01197069675540822,-4.798680363194303,3.0196160067941236e-06,57796
python,author_untrimmed,base,janitor,1983-2000,educ_cat[T.hs_complete],-0.007349249312730684,0.012203541008388302,-0.6022226915678865,0.5476725190072256,57796
python,author_untrimmed,base,janitor,1983-2000,educ_cat[T.some_college],0.02225995660521902,0.012183124217404591,1.8271139822590703,0.06909530340307235,57796
python,author_untrimmed,base,janitor,1983-2000,female,-0.08121742640197009,0.004497341124297077,-18.058987334358402,0.0,57796
python,author_untrimmed,base,janitor,1983-2000,black,-0.09797830795333348,0.005485082556275998,-17.86268610327976,0.0,57796
python,author_untrimmed,base,janitor,1983-2000,hispanic,-0.06192066372861978,0.006512348597643943,-9.508192443970463,0.0,57796
python,author_untrimmed,base,janitor,1983-2000,age,0.02757791488348881,0.0009033644783247103,30.5280045266248,0.0,57796
python,author_untrimmed,base,janitor,1983-2000,age2,-0.00027165776170827584,1.0806829910141309e-05,-25.137599459518437,0.0,57796
python,author_untrimmed,base,janitor,1983-2000,msa,0.06799198250605845,0.0058344248823900755,11.653587778853277,0.0,57796
python,author_untrimmed,base,janitor,1983-2000,central_city,-0.03412592795562636,0.005406844399394118,-6.311616431841549,1.6021801663157476e-09,57796
python,author_untrimmed,base,janitor,1983-2000,cc_unknown,-0.053406849942509584,0.01607715725783533,-3.3219087856145295,0.001053641168916597,57796
python,author_untrimmed,base,janitor,1983-2000,geo_unidentified,0.024842679736505235,0.007460268360147692,3.3299981364227254,0.0010249975999070404,57796
python,author_untrimmed,base,janitor,2001-2025,outsourced,-0.035245995515560916,0.004636846518527765,-7.601285782206954,4.2232883856740955e-13,60798
python,author_untrimmed,base,janitor,2001-2025,union,0.14748635801433305,0.005759119562933355,25.609184946181635,0.0,60798
python,author_untrimmed,base,janitor,2001-2025,parttime,-0.15610791705529561,0.005530988969749771,-28.22423221400099,0.0,60798
python,author_untrimmed,base,janitor,2001-2025,educ_cat[T.no_school],-0.33452454361592976,0.027859709840371442,-12.007466895120745,0.0,60798
python,author_untrimmed,base,janitor,2001-2025,educ_cat[T.primary],-0.25065823691671185,0.012725921639680357,-19.6966666944688,0.0,60798
python,author_untrimmed,base,janitor,2001-2025,educ_cat[T.hs_attend],-0.20710063674858536,0.011872078501371706,-17.444345295110445,0.0,60798
python,author_untrimmed,base,janitor,2001-2025,educ_cat[T.hs_complete],-0.11775406531457036,0.011471387534193845,-10.265023735234271,0.0,60798
python,author_untrimmed,base,janitor,2001-2025,educ_cat[T.some_college],-0.07582195746291684,0.012009707394882514,-6.31338924170838,1.0387797289013179e-09,60798
python,author_untrimmed,base,janitor,2001-2025,female,-0.09433568603629897,0.004170596769642988,-22.61922963230375,0.0,60798
python,author_untrimmed,base,janitor,2001-2025,black,-0.09539344874384294,0.005999661405017408,-15.899805389695345,0.0,60798
python,author_untrimmed,base,janitor,2001-2025,hispanic,-0.052222969206347176,0.006009334080055499,-8.69030886128815,2.220446049250313e-16,60798
python,author_untrimmed,base,janitor,2001-2025,age,0.02056749279008159,0.0007692589172960281,26.7367622625384,0.0,60798
python,author_untrimmed,base,janitor,2001-2025,age2,-0.0001906627422485158,8.638910163409222e-06,-22.07023092520197,0.0,60798
python,author_untrimmed,base,janitor,2001-2025,msa,0.05234184735097312,0.0056479836025387165,9.267351152975364,0.0,60798
python,author_untrimmed,base,janitor,2001-2025,central_city,-0.029404385387913096,0.0051540536511236225,-5.705098817025841,2.9015827962552976e-08,60798
python,author_untrimmed,base,janitor,2001-2025,cc_unknown,-0.0407422187213062,0.005891876293312688,-6.91498203510295,3.0576208231991586e-11,60798
python,author_untrimmed,base,janitor,2001-2025,geo_unidentified,0.016196705353322766,0.019247252338678418,0.8415074041906018,0.400766797000234,60798
python,author_untrimmed,base,guard,1983-2000,outsourced,-0.22244819680395803,0.0068240856898107065,-32.59750930972388,0.0,18286
python,author_untrimmed,base,guard,1983-2000,union,0.18320830095194762,0.009820541036578968,18.65562195296005,0.0,18286
python,author_untrimmed,base,guard,1983-2000,parttime,-0.22734155226987707,0.010498354447251607,-21.654970158622664,0.0,18286
python,author_untrimmed,base,guard,1983-2000,educ_cat[T.no_school],-0.4716294706028868,0.07968280301410557,-5.9188363456466035,1.2974568308621315e-08,18286
python,author_untrimmed,base,guard,1983-2000,educ_cat[T.primary],-0.3406324858267174,0.020626851905095528,-16.51403168035398,0.0,18286
python,author_untrimmed,base,guard,1983-2000,educ_cat[T.hs_attend],-0.23403729189368258,0.0149636175158431,-15.64042195317341,0.0,18286
python,author_untrimmed,base,guard,1983-2000,educ_cat[T.hs_complete],-0.16988634125487395,0.015286654854065688,-11.113375874362102,0.0,18286
python,author_untrimmed,base,guard,1983-2000,educ_cat[T.some_college],-0.12383896697281446,0.015173895410086492,-8.161316763162569,2.9753977059954195e-14,18286
python,author_untrimmed,base,guard,1983-2000,female,-0.05164527427811645,0.009219233242246935,-5.601905594648925,6.569884258844638e-08,18286
python,author_untrimmed,base,guard,1983-2000,black,-0.0576510404456761,0.009795961987690793,-5.885184172633382,1.545714090056549e-08,18286
python,author_untrimmed,base,guard,1983-2000,hispanic,-0.08717031557458761,0.013597452112938047,-6.410783053366638,9.320799687628778e-10,18286
python,author_untrimmed,base,guard,1983-2000,age,0.03806366803802267,0.00145659522064765,26.13194626651206,0.0,18286
python,author_untrimmed,base,guard,1983-2000,age2,-0.0004173314199985605,1.665147520981203e-05,-25.06272956240203,0.0,18286
python,author_untrimmed,base,guard,1983-2000,msa,0.08822299314450685,0.011297548533754661,7.809038649483593,2.6623148130511254e-13,18286
python,author_untrimmed,base,guard,1983-2000,central_city,-0.028109453493320908,0.008442821132025626,-3.329391094961739,0.0010271216234030156,18286
python,author_untrimmed,base,guard,1983-2000,cc_unknown,-0.09179338529600219,0.026923558072011824,-3.4094076663450097,0.0007798839499000287,18286
python,author_untrimmed,base,guard,1983-2000,geo_unidentified,0.013432097912030365,0.01441943501625832,0.9315273377136687,0.3526454650478845,18286
python,author_untrimmed,base,guard,2001-2025,outsourced,-0.0935768792134061,0.006438240271657002,-14.534542866528081,0.0,24278
python,author_untrimmed,base,guard,2001-2025,union,0.13125934875655643,0.010912643110365064,12.028190368645289,0.0,24278
python,author_untrimmed,base,guard,2001-2025,parttime,-0.19933594905314328,0.009793728762189587,-20.353427575278047,0.0,24278
python,author_untrimmed,base,guard,2001-2025,educ_cat[T.no_school],-0.5176317434348426,0.3076089201950291,-1.6827592096700434,0.09351301874066231,24278
python,author_untrimmed,base,guard,2001-2025,educ_cat[T.primary],-0.4674262855420671,0.027558649865902583,-16.961146058189097,0.0,24278
python,author_untrimmed,base,guard,2001-2025,educ_cat[T.hs_attend],-0.3552040648385501,0.016929845982014767,-20.980938941553113,0.0,24278
python,author_untrimmed,base,guard,2001-2025,educ_cat[T.hs_complete],-0.2222088208884637,0.011659695385670322,-19.057858163392215,0.0,24278
python,author_untrimmed,base,guard,2001-2025,educ_cat[T.some_college],-0.18446606558698192,0.011813536425648297,-15.61480482563111,0.0,24278
python,author_untrimmed,base,guard,2001-2025,female,-0.08700961688248536,0.007609417033419169,-11.434465544516094,0.0,24278
python,author_untrimmed,base,guard,2001-2025,black,-0.06945179207634246,0.008252619169574288,-8.41572725570531,1.9984014443252818e-15,24278
python,author_untrimmed,base,guard,2001-2025,hispanic,-0.036635386674363016,0.010101019279797127,-3.626899984998228,0.000339564028412509,24278
python,author_untrimmed,base,guard,2001-2025,age,0.031674950580706344,0.0012053587720694471,26.278441999741286,0.0,24278
python,author_untrimmed,base,guard,2001-2025,age2,-0.0003285462673599617,1.3590243065992598e-05,-24.175157557122432,0.0,24278
python,author_untrimmed,base,guard,2001-2025,msa,0.053607870902833026,0.012319016470430063,4.351635622170862,1.8827962881440286e-05,24278
python,author_untrimmed,base,guard,2001-2025,central_city,-0.040261752806523006,0.007781440576511432,-5.174074441698444,4.317799231490227e-07,24278
python,author_untrimmed,base,guard,2001-2025,cc_unknown,-0.036461407532857565,0.010573566714375433,-3.448354610869951,0.0006488567940206025,24278
python,author_untrimmed,base,guard,2001-2025,geo_unidentified,-0.011581814711964346,0.047147267779947676,-0.24565187459049828,0.8061279179855763,24278
python,author_unweighted,base,janitor,1983-2000,outsourced,-0.05914589375025207,0.003925753814875961,-15.066123995378671,0.0,57297
python,author_unweighted,base,janitor,1983-2000,union,0.2513028801345539,0.004106079896166547,61.202627929663834,0.0,57297
python,author_unweighted,base,janitor,1983-2000,parttime,-0.13013751277171906,0.004074049362278333,-31.943037798379102,0.0,57297
python,author_unweighted,base,janitor,1983-2000,educ_cat[T.no_school],-0.21097229230072015,0.020378223114628707,-10.352830622865818,0.0,57297
python,author_unweighted,base,janitor,1983-2000,educ_cat[T.primary],-0.12562759602576506,0.009865434791137561,-12.734116507325192,0.0,57297
python,author_unweighted,base,janitor,1983-2000,educ_cat[T.hs_attend],-0.0561772636777605,0.010049126158620126,-5.590263550385595,6.965177745676954e-08,57297
python,author_unweighted,base,janitor,1983-2000,educ_cat[T.hs_complete],-0.011859980089661807,0.010040834940069961,-1.1811746892016104,0.23886298196528677,57297
python,author_unweighted,base,janitor,1983-2000,educ_cat[T.some_college],0.014541098923519747,0.00995011755236686,1.4613997118115272,0.14539339620114244,57297
python,author_unweighted,base,janitor,1983-2000,female,-0.07895399282819478,0.0034072972892263123,-23.172029361172267,0.0,57297
python,author_unweighted,base,janitor,1983-2000,black,-0.09702866549847489,0.004652632127597188,-20.854574966919746,0.0,57297
python,author_unweighted,base,janitor,1983-2000,hispanic,-0.07121842549209192,0.005365060366361303,-13.274487261807598,0.0,57297
python,author_unweighted,base,janitor,1983-2000,age,0.027750792545532588,0.0006979313658052864,39.76149218270653,0.0,57297
python,author_unweighted,base,janitor,1983-2000,age2,-0.0002728795433512981,8.107728243525295e-06,-33.65672049617788,0.0,57297
python,author_unweighted,base,janitor,1983-2000,msa,0.06348636731060374,0.004530231539240975,14.013934334411672,0.0,57297
python,author_unweighted,base,janitor,1983-2000,central_city,-0.04082318866724505,0.004573296213018896,-8.92642566012515,2.220446049250313e-16,57297
python,author_unweighted,base,janitor,1983-2000,cc_unknown,-0.05777645606877875,0.01197607380743824,-4.82432364711165,2.6899554959047833e-06,57297
python,author_unweighted,base,janitor,1983-2000,geo_unidentified,0.02063396871468531,0.005328787734868777,3.872169382853721,0.0001438652681555741,57297
python,author_unweighted,base,janitor,2001-2025,outsourced,-0.03922661444836735,0.003571905215530158,-10.981986385813197,0.0,60356
python,author_unweighted,base,janitor,2001-2025,union,0.13919667425933502,0.004439986871605419,31.350695009826463,0.0,60356
python,author_unweighted,base,janitor,2001-2025,parttime,-0.1490529540843928,0.003785787131402978,-39.37172083660054,0.0,60356
python,author_unweighted,base,janitor,2001-2025,educ_cat[T.no_school],-0.2922517018057584,0.017421171372641906,-16.775663102924785,0.0,60356
python,author_unweighted,base,janitor,2001-2025,educ_cat[T.primary],-0.23527197140453737,0.008920060436793243,-26.37560284166836,0.0,60356
python,author_unweighted,base,janitor,2001-2025,educ_cat[T.hs_attend],-0.19314968202700405,0.008565746252089715,-22.549078193844807,0.0,60356
python,author_unweighted,base,janitor,2001-2025,educ_cat[T.hs_complete],-0.10780777919259202,0.008253451733358274,-13.062144503355054,0.0,60356
python,author_unweighted,base,janitor,2001-2025,educ_cat[T.some_college],-0.07187254813081534,0.008623828499132053,-8.334181058685125,3.3306690738754696e-15,60356
python,author_unweighted,base,janitor,2001-2025,female,-0.08914704697152427,0.0030944905165285314,-28.808311576773363,0.0,60356
python,author_unweighted,base,janitor,2001-2025,black,-0.09762692363400072,0.004832014184034887,-20.204188132676197,0.0,60356
python,author_unweighted,base,janitor,2001-2025,hispanic,-0.05808898733686832,0.0044756651496010635,-12.978850158628614,0.0,60356
python,author_unweighted,base,janitor,2001-2025,age,0.01948311275521758,0.0006001448551726478,32.46401695739396,0.0,60356
python,author_unweighted,base,janitor,2001-2025,age2,-0.00018139152009008413,6.768821230255069e-06,-26.798095845596556,0.0,60356
python,author_unweighted,base,janitor,2001-2025,msa,0.0471238239661388,0.0045521298949889365,10.35203850795504,0.0,60356
python,author_unweighted,base,janitor,2001-2025,central_city,-0.03270591790997238,0.004198516487544993,-7.789874830072795,1.2456702336294256e-13,60356
python,author_unweighted,base,janitor,2001-2025,cc_unknown,-0.04323826002379803,0.004724208945509615,-9.152486802027717,0.0,60356
python,author_unweighted,base,janitor,2001-2025,geo_unidentified,0.013783975187755267,0.017045223726806086,0.8086708281850221,0.4193766864406985,60356
python,author_unweighted,base,guard,1983-2000,outsourced,-0.22710369074706835,0.0058854866127492226,-38.587071161645866,0.0,18251
python,author_unweighted,base,guard,1983-2000,union,0.1818075500321359,0.008701161552639084,20.894629864330376,0.0,18251
python,author_unweighted,base,guard,1983-2000,parttime,-0.23107108881885632,0.008468663949542128,-27.285424264750706,0.0,18251
python,author_unweighted,base,guard,1983-2000,educ_cat[T.no_school],-0.436127149031535,0.10389112362591277,-4.197925037387459,3.9704993731293214e-05,18251
python,author_unweighted,base,guard,1983-2000,educ_cat[T.primary],-0.3116506134908317,0.0175681003645694,-17.739573831178436,0.0,18251
python,author_unweighted,base,guard,1983-2000,educ_cat[T.hs_attend],-0.21976574896214554,0.01266728746195092,-17.349077268694025,0.0,18251
python,author_unweighted,base,guard,1983-2000,educ_cat[T.hs_complete],-0.15625889828052864,0.012948328317240345,-12.067882003924336,0.0,18251
python,author_unweighted,base,guard,1983-2000,educ_cat[T.some_college],-0.11237016650783128,0.012392603845001352,-9.067518651712296,0.0,18251
python,author_unweighted,base,guard,1983-2000,female,-0.06415753432401564,0.00810069044433685,-7.92000814805457,1.341149413747189e-13,18251
python,author_unweighted,base,guard,1983-2000,black,-0.056930710790832006,0.009027513987533339,-6.30635531215473,1.6486458864761744e-09,18251
python,author_unweighted,base,guard,1983-2000,hispanic,-0.0805846254108236,0.011616734757601506,-6.936942875285363,4.825984056822108e-11,18251
python,author_unweighted,base,guard,1983-2000,age,0.03843567825111203,0.001197366377761481,32.10018166951447,0.0,18251
python,author_unweighted,base,guard,1983-2000,age2,-0.0004219271670276718,1.3725977105425011e-05,-30.73931741157507,0.0,18251
python,author_unweighted,base,guard,1983-2000,msa,0.08223363659847804,0.01006911230686092,8.16692019041693,2.864375403532904e-14,18251
python,author_unweighted,base,guard,1983-2000,central_city,-0.035912376613922437,0.007828209544491102,-4.587559442528571,7.68782552551528e-06,18251
python,author_unweighted,base,guard,1983-2000,cc_unknown,-0.07996316810122057,0.021445366240683543,-3.7286921194903244,0.00024729279751811717,18251
python,author_unweighted,base,guard,1983-2000,geo_unidentified,0.016903471878504685,0.012545312158656553,1.3473934856886685,0.17929862433694677,18251
python,author_unweighted,base,guard,2001-2025,outsourced,-0.10584425126733725,0.005228913495325012,-20.24211174309326,0.0,24143
python,author_unweighted,base,guard,2001-2025,union,0.13770437656655984,0.008096245164185922,17.00842474184217,0.0,24143
python,author_unweighted,base,guard,2001-2025,parttime,-0.203564753334705,0.007319592114176088,-27.81094221636403,0.0,24143
python,author_unweighted,base,guard,2001-2025,educ_cat[T.no_school],-0.26963782153396826,0.15308544648162695,-1.7613550323108587,0.07924683882488659,24143
python,author_unweighted,base,guard,2001-2025,educ_cat[T.primary],-0.44410949462094895,0.021587762634170376,-20.572279867390538,0.0,24143
python,author_unweighted,base,guard,2001-2025,educ_cat[T.hs_attend],-0.3543761989283795,0.012790378197343223,-27.706467585297002,0.0,24143
python,author_unweighted,base,guard,2001-2025,educ_cat[T.hs_complete],-0.21834818385357366,0.00920852925619611,-23.71151546341176,0.0,24143
python,author_unweighted,base,guard,2001-2025,educ_cat[T.some_college],-0.17341798004882786,0.008811237955231286,-19.68145462986487,0.0,24143
python,author_unweighted,base,guard,2001-2025,female,-0.0881306800485542,0.005434775433914983,-16.216066536730587,0.0,24143
python,author_unweighted,base,guard,2001-2025,black,-0.07117618034687173,0.00704430493643559,-10.10407428257738,0.0,24143
python,author_unweighted,base,guard,2001-2025,hispanic,-0.03708940627761877,0.007913888568344896,-4.686622253688823,4.302529369448749e-06,24143
python,author_unweighted,base,guard,2001-2025,age,0.03191981483593421,0.0008981326145663871,35.54020232451407,0.0,24143
python,author_unweighted,base,guard,2001-2025,age2,-0.0003329798563474576,9.98059020567013e-06,-33.3627420308557,0.0,24143
python,author_unweighted,base,guard,2001-2025,msa,0.06033254648646273,0.009183003068160446,6.570023557505861,2.3724222586452015e-10,24143
python,author_unweighted,base,guard,2001-2025,central_city,-0.032300002429406185,0.006234415286862506,-5.180919291255827,4.175434977771175e-07,24143
python,author_unweighted,base,guard,2001-2025,cc_unknown,-0.03194921590427756,0.008733312099133682,-3.6583160594302844,0.00030218168544959845,24143
python,author_unweighted,base,guard,2001-2025,geo_unidentified,-0.02831029833032512,0.03949832081056653,-0.7167468831422219,0.4741151887635797,24143
python,author_completecase_geo,base,janitor,1983-2000,outsourced,-0.050728581762023606,0.004852655168921959,-10.453778394744914,0.0,47544
python,author_completecase_geo,base,janitor,1983-2000,union,0.25895621043867195,0.005159720830706193,50.18802740210066,0.0,47544
python,author_completecase_geo,base,janitor,1983-2000,parttime,-0.1280742827796501,0.005058112949368639,-25.320566001919058,0.0,47544
python,author_completecase_geo,base,janitor,1983-2000,educ_cat[T.no_school],-0.17979063162105216,0.02361317459394258,-7.6139966231890455,8.768541448489486e-13,47544
python,author_completecase_geo,base,janitor,1983-2000,educ_cat[T.primary],-0.11247967448924524,0.011587760076633613,-9.70676591035547,0.0,47544
python,author_completecase_geo,base,janitor,1983-2000,educ_cat[T.hs_attend],-0.04370624739201906,0.01203329154469373,-3.6321107345971373,0.0003529557431904973,47544
python,author_completecase_geo,base,janitor,1983-2000,educ_cat[T.hs_complete],0.006976616461310716,0.01203816802075284,0.579541376169828,0.5628421915920081,47544
python,author_completecase_geo,base,janitor,1983-2000,educ_cat[T.some_college],0.03334784223629802,0.012178708025110636,2.738208533084122,0.006705315068569417,47544
python,author_completecase_geo,base,janitor,1983-2000,female,-0.08135537620001909,0.0041575224988630545,-19.56823474130738,0.0,47544
python,author_completecase_geo,base,janitor,1983-2000,black,-0.0987822702041038,0.005309691108001214,-18.604146304339256,0.0,47544
python,author_completecase_geo,base,janitor,1983-2000,hispanic,-0.07255044792510909,0.006020855390568862,-12.049857241008139,0.0,47544
python,author_completecase_geo,base,janitor,1983-2000,age,0.02715726061228148,0.0008689025059263016,31.254669456074627,0.0,47544
python,author_completecase_geo,base,janitor,1983-2000,age2,-0.0002667413339757806,1.0379290369244559e-05,-25.699380640335143,0.0,47544
python,author_completecase_geo,base,janitor,1983-2000,msa,0.07490416271121292,0.005457169442638022,13.725826822596126,0.0,47544
python,author_completecase_geo,base,janitor,1983-2000,central_city,-0.03870996672597746,0.004953287368840494,-7.815005236621069,2.5646151868841116e-13,47544
python,author_completecase_geo,base,janitor,2001-2025,outsourced,-0.03382527755054608,0.004526408414670037,-7.472873512897942,9.601208716958354e-13,49252
python,author_completecase_geo,base,janitor,2001-2025,union,0.1436079666339564,0.005910631828239009,24.29655082690921,0.0,49252
python,author_completecase_geo,base,janitor,2001-2025,parttime,-0.14521231862030137,0.005072600702807258,-28.626798584784837,0.0,49252
python,author_completecase_geo,base,janitor,2001-2025,educ_cat[T.no_school],-0.2972084741084133,0.02344623995390783,-12.676167892706268,0.0,49252
python,author_completecase_geo,base,janitor,2001-2025,educ_cat[T.primary],-0.23788906334760876,0.011521131057765917,-20.64806503414069,0.0,49252
python,author_completecase_geo,base,janitor,2001-2025,educ_cat[T.hs_attend],-0.19827952899585785,0.010931105724794733,-18.139018502593544,0.0,49252
python,author_completecase_geo,base,janitor,2001-2025,educ_cat[T.hs_complete],-0.10608451497195603,0.01057026744420711,-10.036124017854837,0.0,49252
python,author_completecase_geo,base,janitor,2001-2025,educ_cat[T.some_college],-0.06969956810840473,0.011224952460960653,-6.209341941608518,1.867956234136159e-09,49252
python,author_completecase_geo,base,janitor,2001-2025,female,-0.09792423929710553,0.0038983081064617605,-25.119676696356606,0.0,49252
python,author_completecase_geo,base,janitor,2001-2025,black,-0.09537198823603296,0.0059742058488089205,-15.963960842602587,0.0,49252
python,author_completecase_geo,base,janitor,2001-2025,hispanic,-0.05643660913190682,0.005975350809058615,-9.44490305846965,0.0,49252
python,author_completecase_geo,base,janitor,2001-2025,age,0.020585013452817463,0.0007548457752535737,27.270489055731133,0.0,49252
python,author_completecase_geo,base,janitor,2001-2025,age2,-0.00019169203721274518,8.566503395304539e-06,-22.376928878335026,0.0,49252
python,author_completecase_geo,base,janitor,2001-2025,msa,0.04942165155705734,0.0053782292008548085,9.189205166117192,0.0,49252
python,author_completecase_geo,base,janitor,2001-2025,central_city,-0.030647998646885638,0.004585724758809605,-6.683348927126072,1.2199086185660235e-10,49252
python,author_completecase_geo,base,guard,1983-2000,outsourced,-0.22584114904344413,0.007324528660525574,-30.833540219533912,0.0,15368
python,author_completecase_geo,base,guard,1983-2000,union,0.176178425448154,0.00984590490305531,17.893573742874928,0.0,15368
python,author_completecase_geo,base,guard,1983-2000,parttime,-0.2196439920826932,0.01047245382728506,-20.973498256008543,0.0,15368
python,author_completecase_geo,base,guard,1983-2000,educ_cat[T.no_school],-0.4662366890262006,0.0931556569689099,-5.004920841058574,1.1766931580226014e-06,15368
python,author_completecase_geo,base,guard,1983-2000,educ_cat[T.primary],-0.33402745638841624,0.020919045679528816,-15.967624025760047,0.0,15368
python,author_completecase_geo,base,guard,1983-2000,educ_cat[T.hs_attend],-0.22777827386316382,0.015593265715918441,-14.60747722849586,0.0,15368
python,author_completecase_geo,base,guard,1983-2000,educ_cat[T.hs_complete],-0.15812742370327043,0.01637780777319029,-9.654981050767836,0.0,15368
python,author_completecase_geo,base,guard,1983-2000,educ_cat[T.some_college],-0.11656692955356561,0.016407605379010506,-7.104444972980903,1.8262724665873975e-11,15368
python,author_completecase_geo,base,guard,1983-2000,female,-0.05032704646640216,0.009744529587573096,-5.164646072867665,5.561446168034223e-07,15368
python,author_completecase_geo,base,guard,1983-2000,black,-0.06117843810338805,0.009867218554081885,-6.200170571683513,2.9261635337007874e-09,15368
python,author_completecase_geo,base,guard,1983-2000,hispanic,-0.0861303114245198,0.013989363184630834,-6.1568429018374,3.6913558876250363e-09,15368
python,author_completecase_geo,base,guard,1983-2000,age,0.038875098088014315,0.001477504959184697,26.31131479211143,0.0,15368
python,author_completecase_geo,base,guard,1983-2000,age2,-0.0004257615265492389,1.689479683768387e-05,-25.200748528658075,0.0,15368
python,author_completecase_geo,base,guard,1983-2000,msa,0.08880002381402552,0.011640624042221492,7.628459049269231,8.031353360138382e-13,15368
python,author_completecase_geo,base,guard,1983-2000,central_city,-0.0331932114007001,0.008129715888837919,-4.082948513154599,6.311053795404753e-05,15368
python,author_completecase_geo,base,guard,2001-2025,outsourced,-0.0949848490116665,0.006491433264584669,-14.632338520658545,0.0,20513
python,author_completecase_geo,base,guard,2001-2025,union,0.12236706708399542,0.010476294518953481,11.680376765144548,0.0,20513
python,author_completecase_geo,base,guard,2001-2025,parttime,-0.1877615286633115,0.009862597696033001,-19.03773574165295,0.0,20513
python,author_completecase_geo,base,guard,2001-2025,educ_cat[T.no_school],-0.25591200484866183,0.1667837589940389,-1.5343940344803506,0.1260382070130861,20513
python,author_completecase_geo,base,guard,2001-2025,educ_cat[T.primary],-0.45018522825659285,0.02785437307989618,-16.162102337227356,0.0,20513
python,author_completecase_geo,base,guard,2001-2025,educ_cat[T.hs_attend],-0.3547864167765526,0.014347720999389791,-24.72771925183391,0.0,20513
python,author_completecase_geo,base,guard,2001-2025,educ_cat[T.hs_complete],-0.22514231466700982,0.011772211426020066,-19.124895613867313,0.0,20513
python,author_completecase_geo,base,guard,2001-2025,educ_cat[T.some_college],-0.1814625517694282,0.01140909891204454,-15.905073062155584,0.0,20513
python,author_completecase_geo,base,guard,2001-2025,female,-0.0785849233893819,0.007311482510952082,-10.748151728690763,0.0,20513
python,author_completecase_geo,base,guard,2001-2025,black,-0.07223623911182672,0.008281202584661277,-8.722916553886161,2.220446049250313e-16,20513
python,author_completecase_geo,base,guard,2001-2025,hispanic,-0.03611756221506907,0.00956543931492842,-3.7758393551984337,0.00019395155310664158,20513
python,author_completecase_geo,base,guard,2001-2025,age,0.03175788130909827,0.0012115135884841898,26.213392578479286,0.0,20513
python,author_completecase_geo,base,guard,2001-2025,age2,-0.0003300685198979875,1.3802796351284159e-05,-23.91316306476399,0.0,20513
python,author_completecase_geo,base,guard,2001-2025,msa,0.06300375243158049,0.01199690633051228,5.251666612694988,2.9467501594382384e-07,20513
python,author_completecase_geo,base,guard,2001-2025,central_city,-0.037350266252219384,0.0074303279563288855,-5.026731857832167,8.812678968794785e-07,20513
python,author_hourly_only,base,janitor,1983-2000,outsourced,-0.049535672489076636,0.004105428947203216,-12.065894484137237,0.0,46638
python,author_hourly_only,base,janitor,1983-2000,union,0.2728709640525397,0.005295100540903997,51.532725761228754,0.0,46638
python,author_hourly_only,base,janitor,1983-2000,parttime,-0.17220516554486548,0.004178396051053584,-41.213222356325915,0.0,46638
python,author_hourly_only,base,janitor,1983-2000,educ_cat[T.no_school],-0.15799442816860093,0.021103550614637062,-7.486627774333798,1.893596390800667e-12,46638
python,author_hourly_only,base,janitor,1983-2000,educ_cat[T.primary],-0.09978505549972425,0.010939976795902707,-9.121139593010492,0.0,46638
python,author_hourly_only,base,janitor,1983-2000,educ_cat[T.hs_attend],-0.03721097649867075,0.010581846452725347,-3.516491820677202,0.0005352635493840463,46638
python,author_hourly_only,base,janitor,1983-2000,educ_cat[T.hs_complete],0.009829649991782102,0.011145299311776003,0.8819547790337222,0.3788048640774442,46638
python,author_hourly_only,base,janitor,1983-2000,educ_cat[T.some_college],0.03248982435718672,0.011023672008411289,2.947277851916885,0.0035664761134936995,46638
python,author_hourly_only,base,janitor,1983-2000,female,-0.08637014381142077,0.0036085891317195083,-23.93460176782859,0.0,46638
python,author_hourly_only,base,janitor,1983-2000,black,-0.0804455262686716,0.005351769739276788,-15.031574635634943,0.0,46638
python,author_hourly_only,base,janitor,1983-2000,hispanic,-0.061523017314406236,0.005588002008328892,-11.009841661242508,0.0,46638
python,author_hourly_only,base,janitor,1983-2000,age,0.02597084602229538,0.0006684189481404551,38.85414393853796,0.0,46638
python,author_hourly_only,base,janitor,1983-2000,age2,-0.00025701454067328757,7.896928178893845e-06,-32.5461413414157,0.0,46638
python,author_hourly_only,base,janitor,1983-2000,msa,0.06576874849875416,0.004873443318891468,13.495334652566386,0.0,46638
python,author_hourly_only,base,janitor,1983-2000,central_city,-0.03577436215313402,0.004656290982594285,-7.6830168661843565,5.759837051755312e-13,46638
python,author_hourly_only,base,janitor,1983-2000,cc_unknown,-0.06030959282646409,0.013983213951941822,-4.312999360071224,2.4728650626082427e-05,46638
python,author_hourly_only,base,janitor,1983-2000,geo_unidentified,0.022867213545527964,0.00598112406330928,3.8232300991388946,0.00017336640809006987,46638
python,author_hourly_only,base,janitor,2001-2025,outsourced,-0.03779516333423551,0.0036636288521787047,-10.316318835560894,0.0,50380
python,author_hourly_only,base,janitor,2001-2025,union,0.1436978225713283,0.005159629788880314,27.850413392258517,0.0,50380
python,author_hourly_only,base,janitor,2001-2025,parttime,-0.17738641187114507,0.003804875928223715,-46.62081371834822,0.0,50380
python,author_hourly_only,base,janitor,2001-2025,educ_cat[T.no_school],-0.23425060135769757,0.019759127794471153,-11.85531081099864,0.0,50380
python,author_hourly_only,base,janitor,2001-2025,educ_cat[T.primary],-0.18374651561326885,0.010344663859491184,-17.7624443006606,0.0,50380
python,author_hourly_only,base,janitor,2001-2025,educ_cat[T.hs_attend],-0.15065514686593057,0.010104498838746308,-14.909709949021355,0.0,50380
python,author_hourly_only,base,janitor,2001-2025,educ_cat[T.hs_complete],-0.07133016144301771,0.009465313934621165,-7.535953052979494,6.421529974431905e-13,50380
python,author_hourly_only,base,janitor,2001-2025,educ_cat[T.some_college],-0.039687970849604126,0.009866009454621278,-4.022697427176508,7.369647449118055e-05,50380
python,author_hourly_only,base,janitor,2001-2025,female,-0.08524808665100032,0.0032161930021642926,-26.505898928837233,0.0,50380
python,author_hourly_only,base,janitor,2001-2025,black,-0.08731729285966744,0.005497802519943719,-15.882217039065512,0.0,50380
python,author_hourly_only,base,janitor,2001-2025,hispanic,-0.047714206458878,0.004874840984971546,-9.787848794652838,0.0,50380
python,author_hourly_only,base,janitor,2001-2025,age,0.0186561765964391,0.000674007909936188,27.679462394151102,0.0,50380
python,author_hourly_only,base,janitor,2001-2025,age2,-0.0001755872620987011,7.675691559381716e-06,-22.87575793533382,0.0,50380
python,author_hourly_only,base,janitor,2001-2025,msa,0.03935033446462314,0.004846856442755884,8.118733230367527,1.4210854715202004e-14,50380
python,author_hourly_only,base,janitor,2001-2025,central_city,-0.019666956680409943,0.004517895360272937,-4.353123548045569,1.8708496235753103e-05,50380
python,author_hourly_only,base,janitor,2001-2025,cc_unknown,-0.03702747089210325,0.004918762326278057,-7.5278024096198415,6.765699112065704e-13,50380
python,author_hourly_only,base,janitor,2001-2025,geo_unidentified,0.004065544059504096,0.018141629965401057,0.2241002637170821,0.8228392924437702,50380
python,author_hourly_only,base,guard,1983-2000,outsourced,-0.20222419510236048,0.006437676787765233,-31.412604541856833,0.0,15058
python,author_hourly_only,base,guard,1983-2000,union,0.20767507246508082,0.009388215604161953,22.120824789432294,0.0,15058
python,author_hourly_only,base,guard,1983-2000,parttime,-0.19004939301568363,0.008928557683817038,-21.28556478502089,0.0,15058
python,author_hourly_only,base,guard,1983-2000,educ_cat[T.no_school],-0.3302155850297761,0.10569123721628815,-3.1243421283262864,0.0020325061538879474,15058
python,author_hourly_only,base,guard,1983-2000,educ_cat[T.primary],-0.23021232746651113,0.019701833974914096,-11.684817147461263,0.0,15058
python,author_hourly_only,base,guard,1983-2000,educ_cat[T.hs_attend],-0.1470769951441412,0.014290741230690495,-10.291768129443259,0.0,15058
python,author_hourly_only,base,guard,1983-2000,educ_cat[T.hs_complete],-0.08128572087394367,0.016555630432076005,-4.909853551481506,1.8233892529195828e-06,15058
python,author_hourly_only,base,guard,1983-2000,educ_cat[T.some_college],-0.04978656922411967,0.015700007298785304,-3.1711175846377864,0.0017445973054088793,15058
python,author_hourly_only,base,guard,1983-2000,female,-0.04832482704067013,0.009160986274050301,-5.275068163518219,3.280433598096266e-07,15058
python,author_hourly_only,base,guard,1983-2000,black,-0.042828975807276994,0.009538387741993764,-4.490169299651962,1.170727288135609e-05,15058
python,author_hourly_only,base,guard,1983-2000,hispanic,-0.06456779669862582,0.013525503881033967,-4.7737812407244595,3.376867174997855e-06,15058
python,author_hourly_only,base,guard,1983-2000,age,0.030580631425983818,0.0013035380830077122,23.459714621780552,0.0,15058
python,author_hourly_only,base,guard,1983-2000,age2,-0.0003376063579344472,1.4832821276770337e-05,-22.760764903381673,0.0,15058
python,author_hourly_only,base,guard,1983-2000,msa,0.07451408901065468,0.010800778413871203,6.8989554414853895,6.004396979619742e-11,15058
python,author_hourly_only,base,guard,1983-2000,central_city,-0.024782183154896446,0.007982114211224751,-3.104714177109468,0.002165916688758651,15058
python,author_hourly_only,base,guard,1983-2000,cc_unknown,-0.08315479891244602,0.028215078213152237,-2.947175913681645,0.003567604920735823,15058
python,author_hourly_only,base,guard,1983-2000,geo_unidentified,0.009544568527464936,0.012708845180390517,0.7510177669165414,0.4534787262177309,15058
python,author_hourly_only,base,guard,2001-2025,outsourced,-0.0688417648751181,0.005726353560378448,-12.021920083916097,0.0,19595
python,author_hourly_only,base,guard,2001-2025,union,0.1514609475050893,0.009945963334029967,15.228383859697923,0.0,19595
python,author_hourly_only,base,guard,2001-2025,parttime,-0.16251751250898866,0.00804088532025877,-20.211395391939075,0.0,19595
python,author_hourly_only,base,guard,2001-2025,educ_cat[T.no_school],-0.19948609199207734,0.17779638479457086,-1.1219918347753086,0.2628070016917756,19595
python,author_hourly_only,base,guard,2001-2025,educ_cat[T.primary],-0.31441001711924554,0.022168356916630987,-14.182829079378955,0.0,19595
python,author_hourly_only,base,guard,2001-2025,educ_cat[T.hs_attend],-0.24929677631650174,0.013104194958652698,-19.024196229001546,0.0,19595
python,author_hourly_only,base,guard,2001-2025,educ_cat[T.hs_complete],-0.1375184435409647,0.01066279414031958,-12.897036342562558,0.0,19595
python,author_hourly_only,base,guard,2001-2025,educ_cat[T.some_college],-0.09938975312966217,0.01099660225492761,-9.038223882756633,0.0,19595
python,author_hourly_only,base,guard,2001-2025,female,-0.07084601580352512,0.006948545036349894,-10.195805802928334,0.0,19595
python,author_hourly_only,base,guard,2001-2025,black,-0.05083988325188468,0.007686165027196247,-6.614466781808094,1.8294277204233822e-10,19595
python,author_hourly_only,base,guard,2001-2025,hispanic,-0.026793241585303915,0.008615638485880182,-3.1098381889182405,0.002060766823594795,19595
python,author_hourly_only,base,guard,2001-2025,age,0.024800262728454574,0.001123244674446531,22.079127809508368,0.0,19595
python,author_hourly_only,base,guard,2001-2025,age2,-0.00025969831006357984,1.238414976002108e-05,-20.97021718050814,0.0,19595
python,author_hourly_only,base,guard,2001-2025,msa,0.03561368988315636,0.010949972680250235,3.2523998847403965,0.0012814289030333992,19595
python,author_hourly_only,base,guard,2001-2025,central_city,-0.020690756572773444,0.007454333312362223,-2.77566828658708,0.005872092938992823,19595
python,author_hourly_only,base,guard,2001-2025,cc_unknown,-0.016801410418679406,0.009650540020938686,-1.7409813732936752,0.08276221708977838,19595
python,author_hourly_only,base,guard,2001-2025,geo_unidentified,0.042151227730523634,0.042042187070853616,1.0025936010295147,0.31690448427462914,19595
python,author_no_localgov,base,janitor,1983-2000,outsourced,-0.05168243420195218,0.004419971134395827,-11.692934779542794,0.0,46062
python,author_no_localgov,base,janitor,1983-2000,union,0.2774341149256874,0.005962201972092626,46.53215644560142,0.0,46062
python,author_no_localgov,base,janitor,1983-2000,parttime,-0.11964418581695854,0.004920281526637161,-24.316532533603034,0.0,46062
python,author_no_localgov,base,janitor,1983-2000,educ_cat[T.no_school],-0.18232671488478566,0.024676360796918987,-7.388719770524283,3.405498105735205e-12,46062
python,author_no_localgov,base,janitor,1983-2000,educ_cat[T.primary],-0.11799698515291486,0.011810170999279812,-9.99113265676766,0.0,46062
python,author_no_localgov,base,janitor,1983-2000,educ_cat[T.hs_attend],-0.04943070164088752,0.012163684720417497,-4.063793396249002,6.811121377170437e-05,46062
python,author_no_localgov,base,janitor,1983-2000,educ_cat[T.hs_complete],-0.00020174621084032753,0.012343949719595014,-0.016343732388999596,0.9869756123692492,46062
python,author_no_localgov,base,janitor,1983-2000,educ_cat[T.some_college],0.029588359140868176,0.012457381736642814,2.3751667699028105,0.018436702935475502,46062
python,author_no_localgov,base,janitor,1983-2000,female,-0.07614768019654193,0.003986693239457748,-19.10046136554494,0.0,46062
python,author_no_localgov,base,janitor,1983-2000,black,-0.10168011321359413,0.005671305399130228,-17.928872818097254,0.0,46062
python,author_no_localgov,base,janitor,1983-2000,hispanic,-0.07292687907493181,0.006212291556293655,-11.73912692507965,0.0,46062
python,author_no_localgov,base,janitor,1983-2000,age,0.02687783226299186,0.0008795580939568008,30.558336564306526,0.0,46062
python,author_no_localgov,base,janitor,1983-2000,age2,-0.0002659904883698564,1.0632783671863948e-05,-25.01607260887945,0.0,46062
python,author_no_localgov,base,janitor,1983-2000,msa,0.06482180960330215,0.005904096806076925,10.979123773272626,0.0,46062
python,author_no_localgov,base,janitor,1983-2000,central_city,-0.04217664098906241,0.0053185165471627115,-7.930151314761357,1.2589929099249275e-13,46062
python,author_no_localgov,base,janitor,1983-2000,cc_unknown,-0.06694977077041485,0.015647985804370147,-4.278491277242673,2.8530430436157772e-05,46062
python,author_no_localgov,base,janitor,1983-2000,geo_unidentified,0.02216993602031467,0.006975240953997295,3.1783756527593168,0.00170346743377503,46062
python,author_no_localgov,base,janitor,2001-2025,outsourced,-0.03121909472197992,0.004338231987442328,-7.196271387133822,5.459410701291745e-12,50508
python,author_no_localgov,base,janitor,2001-2025,union,0.14531222673789507,0.006094437294484205,23.843419780430015,0.0,50508
python,author_no_localgov,base,janitor,2001-2025,parttime,-0.1412968766644744,0.00475125618343901,-29.738846151251355,0.0,50508
python,author_no_localgov,base,janitor,2001-2025,educ_cat[T.no_school],-0.28560441329960595,0.022511949965935973,-12.686791403311092,0.0,50508
python,author_no_localgov,base,janitor,2001-2025,educ_cat[T.primary],-0.23769352989884968,0.011736038679130308,-20.25330150977858,0.0,50508
python,author_no_localgov,base,janitor,2001-2025,educ_cat[T.hs_attend],-0.19832096767989962,0.01117470947444247,-17.747304136494723,0.0,50508
python,author_no_localgov,base,janitor,2001-2025,educ_cat[T.hs_complete],-0.11131226897141883,0.010963152248810589,-10.1533086876081,0.0,50508
python,author_no_localgov,base,janitor,2001-2025,educ_cat[T.some_college],-0.07612065443300693,0.011350880044698825,-6.706145614547075,1.0661227456409961e-10,50508
python,author_no_localgov,base,janitor,2001-2025,female,-0.09112303005783837,0.003931475725247009,-23.177818312006295,0.0,50508
python,author_no_localgov,base,janitor,2001-2025,black,-0.09920834487191854,0.00588986391450726,-16.843911219673437,0.0,50508
python,author_no_localgov,base,janitor,2001-2025,hispanic,-0.05776547110567902,0.005837148541664372,-9.89617973456747,0.0,50508
python,author_no_localgov,base,janitor,2001-2025,age,0.01994425798784426,0.0007369444387456315,27.063448666213965,0.0,50508
python,author_no_localgov,base,janitor,2001-2025,age2,-0.00018604365220349306,8.399656558565621e-06,-22.148959413557623,0.0,50508
python,author_no_localgov,base,janitor,2001-2025,msa,0.04190124222546581,0.0061359074727849044,6.828858226971942,5.133937719392634e-11,50508
python,author_no_localgov,base,janitor,2001-2025,central_city,-0.031178400842981378,0.004976803678885481,-6.2647439711673645,1.3678753685297806e-09,50508
python,author_no_localgov,base,janitor,2001-2025,cc_unknown,-0.037262215009782995,0.00603837683923965,-6.170899233654825,2.316099090293733e-09,50508
python,author_no_localgov,base,janitor,2001-2025,geo_unidentified,0.016889879535653886,0.02159339880931134,0.782177909314154,0.4347571168817397,50508
python,author_no_localgov,base,guard,1983-2000,outsourced,-0.22342917330812637,0.006936854140222655,-32.20900552205569,0.0,17163
python,author_no_localgov,base,guard,1983-2000,union,0.17216431040598296,0.01010388891023075,17.039410462208963,0.0,17163
python,author_no_localgov,base,guard,1983-2000,parttime,-0.21767575122769248,0.009680625018940512,-22.485712523912614,0.0,17163
python,author_no_localgov,base,guard,1983-2000,educ_cat[T.no_school],-0.4723997111392298,0.08599751352706499,-5.493178718365583,1.1300974889216775e-07,17163
python,author_no_localgov,base,guard,1983-2000,educ_cat[T.primary],-0.32911565646545743,0.019668211660075676,-16.733379839181126,0.0,17163
python,author_no_localgov,base,guard,1983-2000,educ_cat[T.hs_attend],-0.23015839088001308,0.014825106312748132,-15.524906602666283,0.0,17163
python,author_no_localgov,base,guard,1983-2000,educ_cat[T.hs_complete],-0.16114891428782516,0.01545799019649708,-10.424959017268813,0.0,17163
python,author_no_localgov,base,guard,1983-2000,educ_cat[T.some_college],-0.11613788684004575,0.015159508602560611,-7.661058803741749,6.585842982076429e-13,17163
python,author_no_localgov,base,guard,1983-2000,female,-0.04841328417021169,0.009184594595213601,-5.271140023473815,3.3430712931270534e-07,17163
python,author_no_localgov,base,guard,1983-2000,black,-0.05960952284486842,0.009865022401547909,-6.04251266935949,6.779311556570633e-09,17163
python,author_no_localgov,base,guard,1983-2000,hispanic,-0.07585735104505742,0.013347081930847802,-5.68344087779485,4.353473626039772e-08,17163
python,author_no_localgov,base,guard,1983-2000,age,0.0381990059318275,0.0014035227459065723,27.216520746269598,0.0,17163
python,author_no_localgov,base,guard,1983-2000,age2,-0.0004200682367024056,1.596971647644997e-05,-26.304051003151297,0.0,17163
python,author_no_localgov,base,guard,1983-2000,msa,0.08434515579810484,0.01152547878714421,7.318147675755164,5.185185614209331e-12,17163
python,author_no_localgov,base,guard,1983-2000,central_city,-0.03570110181820785,0.008238401519856034,-4.333498644386505,2.2705343759144014e-05,17163
python,author_no_localgov,base,guard,1983-2000,cc_unknown,-0.10781378113843498,0.026461513963535965,-4.0743617801688385,6.530732210530132e-05,17163
python,author_no_localgov,base,guard,1983-2000,geo_unidentified,0.006990113616937243,0.014135515874573502,0.4945071463228893,0.6214625297932954,17163
python,author_no_localgov,base,guard,2001-2025,outsourced,-0.09658887473505973,0.006074012902176033,-15.901987086734122,0.0,22754
python,author_no_localgov,base,guard,2001-2025,union,0.13654750128291973,0.01076130629511798,12.688747772644149,0.0,22754
python,author_no_localgov,base,guard,2001-2025,parttime,-0.1869163120376901,0.009098392617012632,-20.543882848953405,0.0,22754
python,author_no_localgov,base,guard,2001-2025,educ_cat[T.no_school],-0.2742309257020079,0.18687859629263534,-1.4674282188666836,0.14335841136561744,22754
python,author_no_localgov,base,guard,2001-2025,educ_cat[T.primary],-0.4512263244538805,0.02524577427654817,-17.873340683119515,0.0,22754
python,author_no_localgov,base,guard,2001-2025,educ_cat[T.hs_attend],-0.3525356449233717,0.014049440244483614,-25.092504668418492,0.0,22754
python,author_no_localgov,base,guard,2001-2025,educ_cat[T.hs_complete],-0.21375335699473527,0.011430329805092792,-18.700541510140617,0.0,22754
python,author_no_localgov,base,guard,2001-2025,educ_cat[T.some_college],-0.1786522312068643,0.011310740942260821,-15.794918486671202,0.0,22754
python,author_no_localgov,base,guard,2001-2025,female,-0.07860848607302427,0.007068262023168463,-11.1213316392856,0.0,22754
python,author_no_localgov,base,guard,2001-2025,black,-0.06866309035217344,0.008126845067593102,-8.448923263712365,1.5543122344752192e-15,22754
python,author_no_localgov,base,guard,2001-2025,hispanic,-0.03918039029251948,0.00901542758651752,-4.3459270141677315,1.929312390913651e-05,22754
python,author_no_localgov,base,guard,2001-2025,age,0.0317141877379276,0.001174367556553578,27.00533368871274,0.0,22754
python,author_no_localgov,base,guard,2001-2025,age2,-0.0003300446276893199,1.3158989470690961e-05,-25.081304945522515,0.0,22754
python,author_no_localgov,base,guard,2001-2025,msa,0.059346630663322845,0.011648872451330046,5.094624472134791,6.35611411725634e-07,22754
python,author_no_localgov,base,guard,2001-2025,central_city,-0.03632659477228595,0.007248030933338477,-5.011926012235402,9.459359058272554e-07,22754
python,author_no_localgov,base,guard,2001-2025,cc_unknown,-0.033005774224457766,0.009907576671831496,-3.3313670252280145,0.000977801065255246,22754
python,author_no_localgov,base,guard,2001-2025,geo_unidentified,-0.0034374523840246924,0.04660319009329191,-0.07376002323324816,0.9412528978620873,22754
