spec,occ,sample,term,estimate,se,t,p,n_obs,r2,within_r2
baseline_by_period,Janitors,1983-1985,outsourced,-0.05630977135024989,0.02082410579555167,-2.7040667149452573,0.00944776823084861,5961,0.4105906895935242,0.3743760935362773
baseline_by_period,Janitors,1983-1985,union,0.29194920999768886,0.01661538010895652,17.5710220339957,1.5220152157158657e-22,5961,0.4105906895935242,0.3743760935362773
baseline_by_period,Janitors,1983-1985,part_time,-0.1785780423788832,0.015693156530919558,-11.379357749158908,3.1188253173081383e-15,5961,0.4105906895935242,0.3743760935362773
baseline_by_period,Janitors,1983-1985,female,-0.10996599274922647,0.00816317718233113,-13.470979533219426,6.313068629605684e-18,5961,0.4105906895935242,0.3743760935362773
baseline_by_period,Janitors,1983-1985,hispanic,-0.08956890710614632,0.024467289282911985,-3.6607613565390533,6.253374281315038e-4,5961,0.4105906895935242,0.3743760935362773
baseline_by_period,Janitors,1983-1985,black,-0.09770677289799252,0.015449312907602798,-6.32434422697917,7.996777888221794e-8,5961,0.4105906895935242,0.3743760935362773
baseline_by_period,Janitors,1983-1985,educ_catlt_hs,0.002644904501684392,0.03053276169918262,0.08662513164523855,0.9313298455402402,5961,0.4105906895935242,0.3743760935362773
baseline_by_period,Janitors,1983-1985,educ_caths_completion,0.021988529107970667,0.03611056290303656,0.6089223578988195,0.5454471729083203,5961,0.4105906895935242,0.3743760935362773
baseline_by_period,Janitors,1983-1985,educ_catsome_college,0.06743426020172172,0.03471424898614934,1.9425527606438313,0.05794924897545565,5961,0.4105906895935242,0.3743760935362773
baseline_by_period,Janitors,1983-1985,AGE,0.030659530473265362,0.0018551799119556954,16.526445912701085,1.9158549098132913e-21,5961,0.4105906895935242,0.3743760935362773
baseline_by_period,Janitors,1983-1985,I(I(AGE^2)),-3.181688185932923e-4,2.1226873044797653e-5,-14.988963184630252,9.858196179176536e-20,5961,0.4105906895935242,0.3743760935362773
baseline_by_period,Janitors,1983-1985,MSA_dummy,0.026439363989334847,0.01274446984509274,2.0745754284565496,0.043411096020379056,5961,0.4105906895935242,0.3743760935362773
baseline_by_period,Janitors,1983-1985,gov_employee,-0.03874569273699193,0.011207989626316561,-3.456970788589628,0.0011538165811244105,5961,0.4105906895935242,0.3743760935362773
baseline_nounion_by_period,Janitors,1983-1985,outsourced,-0.05315475426240915,0.0246649647391019,-2.155071163679459,0.03620161057251154,6819,0.31530249491762874,0.2767081657748558
baseline_nounion_by_period,Janitors,1983-1985,part_time,-0.23790552175828938,0.01821411477218188,-13.061602209822384,2.034257123478549e-17,6819,0.31530249491762874,0.2767081657748558
baseline_nounion_by_period,Janitors,1983-1985,female,-0.12074490413442285,0.008426904972716785,-14.328499552961661,5.82067593098671e-19,6819,0.31530249491762874,0.2767081657748558
baseline_nounion_by_period,Janitors,1983-1985,hispanic,-0.09666923662923743,0.03606962253837358,-2.6800734198533247,0.010055373372292684,6819,0.31530249491762874,0.2767081657748558
baseline_nounion_by_period,Janitors,1983-1985,black,-0.07577235538356725,0.017002868866231112,-4.456445319886955,4.988423417124994e-5,6819,0.31530249491762874,0.2767081657748558
baseline_nounion_by_period,Janitors,1983-1985,educ_catlt_hs,0.0243416220864882,0.026144633999327063,0.9310370184227758,0.35649367252052366,6819,0.31530249491762874,0.2767081657748558
baseline_nounion_by_period,Janitors,1983-1985,educ_caths_completion,0.049887880688215085,0.03682290054932715,1.3548058394092657,0.18182200224179335,6819,0.31530249491762874,0.2767081657748558
baseline_nounion_by_period,Janitors,1983-1985,educ_catsome_college,0.08934308690612336,0.0311933290628935,2.864172872539045,0.006183975146644161,6819,0.31530249491762874,0.2767081657748558
baseline_nounion_by_period,Janitors,1983-1985,AGE,0.036472067658248813,0.0021617345886330024,16.871667710749055,8.192794698970133e-22,6819,0.31530249491762874,0.2767081657748558
baseline_nounion_by_period,Janitors,1983-1985,I(I(AGE^2)),-3.7666859698964796e-4,2.4275498746206356e-5,-15.516410226113756,2.4760312586603105e-20,6819,0.31530249491762874,0.2767081657748558
baseline_nounion_by_period,Janitors,1983-1985,MSA_dummy,0.042138683280518716,0.01474867393699407,2.8571167455822817,0.006302356874274513,6819,0.31530249491762874,0.2767081657748558
baseline_nounion_by_period,Janitors,1983-1985,gov_employee,-3.1516804097879436e-4,0.013227272213810495,-0.02382713804360432,0.9810892737734647,6819,0.31530249491762874,0.2767081657748558
baseline_by_period,Janitors,1986-1988,outsourced,-0.05555103848335112,0.01359978693292619,-4.08469917634206,1.628839354035569e-4,6967,0.43187236532616646,0.39509755795354473
baseline_by_period,Janitors,1986-1988,union,0.31655040915886057,0.01686763104757891,18.766737798921476,5.122127712368439e-24,6967,0.43187236532616646,0.39509755795354473
baseline_by_period,Janitors,1986-1988,part_time,-0.1984309296997827,0.010493683327652624,-18.90955954206125,3.692364000965842e-24,6967,0.43187236532616646,0.39509755795354473
baseline_by_period,Janitors,1986-1988,female,-0.1050549426482495,0.011290180998551377,-9.3049830345261,2.0802415050845056e-12,6967,0.43187236532616646,0.39509755795354473
baseline_by_period,Janitors,1986-1988,hispanic,-0.10169271409580896,0.015790870987413372,-6.439968648776021,4.8922911940919147e-8,6967,0.43187236532616646,0.39509755795354473
baseline_by_period,Janitors,1986-1988,black,-0.10333684580202374,0.012930398037708521,-7.991776084592731,1.9666592201885063e-10,6967,0.43187236532616646,0.39509755795354473
baseline_by_period,Janitors,1986-1988,educ_catlt_hs,0.03501546446359044,0.03154936222603111,1.1098628305931166,0.2724752800158888,6967,0.43187236532616646,0.39509755795354473
baseline_by_period,Janitors,1986-1988,educ_caths_completion,0.09927580314890622,0.04229372702008092,2.3472937984815196,0.02299468112333308,6967,0.43187236532616646,0.39509755795354473
baseline_by_period,Janitors,1986-1988,educ_catsome_college,0.08840059584116364,0.029330907216435984,3.0139059521359477,0.004075817704743364,6967,0.43187236532616646,0.39509755795354473
baseline_by_period,Janitors,1986-1988,AGE,0.02889254792982318,0.00150082661942396,19.251089736742927,1.700958890810456e-24,6967,0.43187236532616646,0.39509755795354473
baseline_by_period,Janitors,1986-1988,I(I(AGE^2)),-2.912833638280682e-4,1.7028560575258163e-5,-17.105577570149507,2.663329857750086e-22,6967,0.43187236532616646,0.39509755795354473
baseline_by_period,Janitors,1986-1988,MSA_dummy,0.07756837330584884,0.016213145181931413,4.784289071332944,1.6142562767484993e-5,6967,0.43187236532616646,0.39509755795354473
baseline_by_period,Janitors,1986-1988,gov_employee,0.004880715386628071,0.016278052981176648,0.29983410130633886,0.7655719822402477,6967,0.43187236532616646,0.39509755795354473
baseline_nounion_by_period,Janitors,1986-1988,outsourced,-0.05746206615717192,0.01638537697380611,-3.5069114521461167,9.80803442276876e-4,6967,0.34364132466625974,0.3011553366952556
baseline_nounion_by_period,Janitors,1986-1988,part_time,-0.2629285048399672,0.01355140013944965,-19.402312833679286,1.2109235355680468e-24,6967,0.34364132466625974,0.3011553366952556
baseline_nounion_by_period,Janitors,1986-1988,female,-0.11584063085284063,0.013367185220777802,-8.666045165049352,1.864930470617233e-11,6967,0.34364132466625974,0.3011553366952556
baseline_nounion_by_period,Janitors,1986-1988,hispanic,-0.09695843673352181,0.024267231137432534,-3.9954470365579575,2.165931491061627e-4,6967,0.34364132466625974,0.3011553366952556
baseline_nounion_by_period,Janitors,1986-1988,black,-0.09645557132108863,0.01640964296527528,-5.877981106913776,3.606143351100874e-7,6967,0.34364132466625974,0.3011553366952556
baseline_nounion_by_period,Janitors,1986-1988,educ_catlt_hs,0.041595368976693275,0.03525243928585664,1.1799288168232214,0.2437253152607754,6967,0.34364132466625974,0.3011553366952556
baseline_nounion_by_period,Janitors,1986-1988,educ_caths_completion,0.11441120974189106,0.04145657357360327,2.7597845137577974,0.008112575406244526,6967,0.34364132466625974,0.3011553366952556
baseline_nounion_by_period,Janitors,1986-1988,educ_catsome_college,0.10248228514723379,0.03281515227925688,3.123017204829944,0.003002665552211983,6967,0.34364132466625974,0.3011553366952556
baseline_nounion_by_period,Janitors,1986-1988,AGE,0.035727980669707726,0.002218230517586527,16.10652291835764,3.284056210233878e-21,6967,0.34364132466625974,0.3011553366952556
baseline_nounion_by_period,Janitors,1986-1988,I(I(AGE^2)),-3.636593334543055e-4,2.3909374157597985e-5,-15.20990599993354,3.4358161693622564e-20,6967,0.34364132466625974,0.3011553366952556
baseline_nounion_by_period,Janitors,1986-1988,MSA_dummy,0.09285284111283036,0.019553863303749107,4.748567567976578,1.821735180152762e-5,6967,0.34364132466625974,0.3011553366952556
baseline_nounion_by_period,Janitors,1986-1988,gov_employee,0.06575833315098702,0.013408180946619361,4.9043441025135355,1.073146556775979e-5,6967,0.34364132466625974,0.3011553366952556
baseline_by_period,Janitors,1989-1991,outsourced,-0.05969496409537933,0.017849044180470258,-3.3444347771123386,0.001587468132719425,8587,0.30060630590716875,0.2590585362114288
baseline_by_period,Janitors,1989-1991,union,0.2992276137547893,0.01833129925229535,16.323317274814634,1.8867472481423197e-21,8587,0.30060630590716875,0.2590585362114288
baseline_by_period,Janitors,1989-1991,part_time,-0.1365513564866686,0.015854497285522563,-8.6127837437873,2.243146977138975e-11,8587,0.30060630590716875,0.2590585362114288
baseline_by_period,Janitors,1989-1991,female,-0.10337837876281658,0.01072350255858062,-9.640355676522532,6.694194653330166e-13,8587,0.30060630590716875,0.2590585362114288
baseline_by_period,Janitors,1989-1991,hispanic,-0.09556219620326781,0.022148514113243416,-4.314609806990512,7.729940188791221e-5,8587,0.30060630590716875,0.2590585362114288
baseline_by_period,Janitors,1989-1991,black,-0.10188254047603601,0.01547180199671162,-6.585046815987572,2.9159353809833315e-8,8587,0.30060630590716875,0.2590585362114288
baseline_by_period,Janitors,1989-1991,educ_catlt_hs,-0.05930462554982385,0.035481188959939715,-1.6714385083538816,0.10101049327389681,8587,0.30060630590716875,0.2590585362114288
baseline_by_period,Janitors,1989-1991,educ_caths_completion,0.008591156841251557,0.047685311139272095,0.18016358991891226,0.8577671827198335,8587,0.30060630590716875,0.2590585362114288
baseline_by_period,Janitors,1989-1991,educ_catsome_college,0.004732783223821951,0.037989871423700756,0.12458013271582984,0.9013656429568682,8587,0.30060630590716875,0.2590585362114288
baseline_by_period,Janitors,1989-1991,AGE,0.029962611979495235,0.002317704149590777,12.927712100263337,2.0772536124566613e-17,8587,0.30060630590716875,0.2590585362114288
baseline_by_period,Janitors,1989-1991,I(I(AGE^2)),-3.0877199220299295e-4,2.807363788221667e-5,-10.998645544209484,7.776029398523938e-15,8587,0.30060630590716875,0.2590585362114288
baseline_by_period,Janitors,1989-1991,MSA_dummy,0.0894467575042425,0.01396589605568005,6.404655823559831,5.548637538101253e-8,8587,0.30060630590716875,0.2590585362114288
baseline_by_period,Janitors,1989-1991,gov_employee,0.0355969973541872,0.01817859927622863,1.9581815305613703,0.055914719664172434,8587,0.30060630590716875,0.2590585362114288
baseline_nounion_by_period,Janitors,1989-1991,outsourced,-0.058462298161382445,0.02328045338286459,-2.5112181966530427,0.015378532192013433,8587,0.23810421502883694,0.1928434829497524
baseline_nounion_by_period,Janitors,1989-1991,part_time,-0.18784608683829002,0.019466111526108314,-9.649902939595682,6.482779786493073e-13,8587,0.23810421502883694,0.1928434829497524
baseline_nounion_by_period,Janitors,1989-1991,female,-0.11584658756319166,0.010685728062333515,-10.841244217279234,1.287914524604528e-14,8587,0.23810421502883694,0.1928434829497524
baseline_nounion_by_period,Janitors,1989-1991,hispanic,-0.1009443412690226,0.024278323003941192,-4.15779711196016,1.287363841219876e-4,8587,0.23810421502883694,0.1928434829497524
baseline_nounion_by_period,Janitors,1989-1991,black,-0.08863344540899659,0.017559206601606807,-5.047690788084123,6.567378897818152e-6,8587,0.23810421502883694,0.1928434829497524
baseline_nounion_by_period,Janitors,1989-1991,educ_catlt_hs,-0.051817656112553345,0.03679732674274302,-1.408190776325146,0.1653879812486116,8587,0.23810421502883694,0.1928434829497524
baseline_nounion_by_period,Janitors,1989-1991,educ_caths_completion,0.03341467791871089,0.047278177973610544,0.7067674633604133,0.48305857526299467,8587,0.23810421502883694,0.1928434829497524
baseline_nounion_by_period,Janitors,1989-1991,educ_catsome_college,0.016587151660076266,0.0386588769037967,0.429064499244344,0.6697569046505689,8587,0.23810421502883694,0.1928434829497524
baseline_nounion_by_period,Janitors,1989-1991,AGE,0.03434347699937512,0.0025519571301572306,13.45770138280464,4.433478404294775e-18,8587,0.23810421502883694,0.1928434829497524
baseline_nounion_by_period,Janitors,1989-1991,I(I(AGE^2)),-3.520202258174561e-4,2.9665933012017277e-5,-11.86614375738182,5.102704347781293e-16,8587,0.23810421502883694,0.1928434829497524
baseline_nounion_by_period,Janitors,1989-1991,MSA_dummy,0.10271352572544443,0.016804056263496188,6.112424531008696,1.5701914324897784e-7,8587,0.23810421502883694,0.1928434829497524
baseline_nounion_by_period,Janitors,1989-1991,gov_employee,0.10320706208919654,0.023182727076354624,4.451894798626313,4.918094924663753e-5,8587,0.23810421502883694,0.1928434829497524
baseline_by_period,Janitors,1992-1994,outsourced,-0.03977711157731198,0.017378439294143823,-2.288877090977672,0.026435899381202988,7214,0.2797825379627912,0.23516946572066544
baseline_by_period,Janitors,1992-1994,union,0.26609577866790873,0.016864753496012876,15.778219274347439,7.677026157692334e-21,7214,0.2797825379627912,0.23516946572066544
baseline_by_period,Janitors,1992-1994,part_time,-0.14514788148376823,0.012481655187888265,-11.628896913016339,1.0644816607843188e-15,7214,0.2797825379627912,0.23516946572066544
baseline_by_period,Janitors,1992-1994,female,-0.06338739227441176,0.015425325026606145,-4.109306751402577,1.505086870236289e-4,7214,0.2797825379627912,0.23516946572066544
baseline_by_period,Janitors,1992-1994,hispanic,-0.09637085264219551,0.03319805324818045,-2.9029067434090434,0.005528148952095004,7214,0.2797825379627912,0.23516946572066544
baseline_by_period,Janitors,1992-1994,black,-0.11599718704053727,0.01884499522606402,-6.15533119796733,1.3480891733900118e-7,7214,0.2797825379627912,0.23516946572066544
baseline_by_period,Janitors,1992-1994,educ_catlt_hs,-0.08486869453302193,0.03129871880900188,-2.7115708809337167,0.009208782039227374,7214,0.2797825379627912,0.23516946572066544
baseline_by_period,Janitors,1992-1994,educ_caths_completion,-0.003748038098872142,0.027509161113744518,-0.13624690638056183,0.8921843288933755,7214,0.2797825379627912,0.23516946572066544
baseline_by_period,Janitors,1992-1994,educ_catsome_college,0.03584132047847133,0.024437721514378775,1.466639206007109,0.148863202986435,7214,0.2797825379627912,0.23516946572066544
baseline_by_period,Janitors,1992-1994,AGE,0.02255998881348245,0.002074105383044154,10.876973271421374,1.1482230174264323e-14,7214,0.2797825379627912,0.23516946572066544
baseline_by_period,Janitors,1992-1994,I(I(AGE^2)),-2.113253786872461e-4,2.3581143882440505e-5,-8.961625430079655,6.726037126913095e-12,7214,0.2797825379627912,0.23516946572066544
baseline_by_period,Janitors,1992-1994,MSA_dummy,0.06849463757871715,0.018894821332581507,3.6250481744755967,6.863512731101068e-4,7214,0.2797825379627912,0.23516946572066544
baseline_by_period,Janitors,1992-1994,gov_employee,0.017362076109875113,0.016497924895325332,1.0523793883189902,0.2977877202733665,7214,0.2797825379627912,0.23516946572066544
baseline_nounion_by_period,Janitors,1992-1994,outsourced,-0.034871928057108134,0.019227186228492087,-1.8136781764475063,0.07585355494655276,7214,0.22688611328920372,0.1789964306624342
baseline_nounion_by_period,Janitors,1992-1994,part_time,-0.17960538539119947,0.012845523976608713,-13.981943104715317,9.960582312364062e-19,7214,0.22688611328920372,0.1789964306624342
baseline_nounion_by_period,Janitors,1992-1994,female,-0.0756672225612218,0.015086905249114468,-5.015423727517817,7.3373181782419614e-6,7214,0.22688611328920372,0.1789964306624342
baseline_nounion_by_period,Janitors,1992-1994,hispanic,-0.10212653289481236,0.03587885922262587,-2.8464264223431464,0.006439875641480004,7214,0.22688611328920372,0.1789964306624342
baseline_nounion_by_period,Janitors,1992-1994,black,-0.11083322629843524,0.018913838931073755,-5.859901139178366,3.84435204568147e-7,7214,0.22688611328920372,0.1789964306624342
baseline_nounion_by_period,Janitors,1992-1994,educ_catlt_hs,-0.07557517725389185,0.031213766677828183,-2.421212987011098,0.01921771590301161,7214,0.22688611328920372,0.1789964306624342
baseline_nounion_by_period,Janitors,1992-1994,educ_caths_completion,0.009518695909930042,0.025677186794894873,0.3707063388977855,0.7124540982991048,7214,0.22688611328920372,0.1789964306624342
baseline_nounion_by_period,Janitors,1992-1994,educ_catsome_college,0.052749907897380544,0.02293610786792443,2.299863089288569,0.025755675053837142,7214,0.22688611328920372,0.1789964306624342
baseline_nounion_by_period,Janitors,1992-1994,AGE,0.02705734594401124,0.0020151485426969803,13.426973431843868,4.844109728775928e-18,7214,0.22688611328920372,0.1789964306624342
baseline_nounion_by_period,Janitors,1992-1994,I(I(AGE^2)),-2.552873734381117e-4,2.178889983442829e-5,-11.716395750956467,8.109537472369106e-16,7214,0.22688611328920372,0.1789964306624342
baseline_nounion_by_period,Janitors,1992-1994,MSA_dummy,0.07976997236030486,0.020720125487812963,3.8498788246829627,3.4280082576284486e-4,7214,0.22688611328920372,0.1789964306624342
baseline_nounion_by_period,Janitors,1992-1994,gov_employee,0.07533280644220455,0.01979338923290667,3.8059579163412374,3.9316637259635706e-4,7214,0.22688611328920372,0.1789964306624342
baseline_by_period,Janitors,1995-1997,outsourced,-0.042617368236478805,0.013986546497569226,-3.0470258146916707,0.0036855134461558064,5262,0.29848375534649263,0.25550532535570336
baseline_by_period,Janitors,1995-1997,union,0.21971766169143175,0.018958583528085358,11.589350088625594,8.939102607067929e-16,5262,0.29848375534649263,0.25550532535570336
baseline_by_period,Janitors,1995-1997,part_time,-0.15932111280766287,0.011937154059579227,-13.346658006797876,4.180466696564498e-18,5262,0.29848375534649263,0.25550532535570336
baseline_by_period,Janitors,1995-1997,female,-0.06302270691861575,0.010240804787875752,-6.154077557774494,1.2604568755739704e-7,5262,0.29848375534649263,0.25550532535570336
baseline_by_period,Janitors,1995-1997,hispanic,-0.06074170599309233,0.012876959108587034,-4.717084637830881,1.9591625998936393e-5,5262,0.29848375534649263,0.25550532535570336
baseline_by_period,Janitors,1995-1997,black,-0.10113817900546136,0.0178888170994946,-5.653709713892638,7.518708068476291e-7,5262,0.29848375534649263,0.25550532535570336
baseline_by_period,Janitors,1995-1997,educ_catlt_hs,-0.1448240478127546,0.033194472718378734,-4.3628964689826235,6.424272921739483e-5,5262,0.29848375534649263,0.25550532535570336
baseline_by_period,Janitors,1995-1997,educ_caths_completion,-0.05691579208321207,0.031742393901636454,-1.7930529203179544,0.07901426253119301,5262,0.29848375534649263,0.25550532535570336
baseline_by_period,Janitors,1995-1997,educ_catsome_college,-2.9001791146443523e-4,0.03522472662841452,-0.008233361596353404,0.9934635654282015,5262,0.29848375534649263,0.25550532535570336
baseline_by_period,Janitors,1995-1997,AGE,0.01911224930077432,0.001961634700990807,9.743021619224448,3.8319858800927463e-13,5262,0.29848375534649263,0.25550532535570336
baseline_by_period,Janitors,1995-1997,I(I(AGE^2)),-1.842546959282805e-4,2.4801257577492662e-5,-7.429248107785192,1.2810446352711184e-9,5262,0.29848375534649263,0.25550532535570336
baseline_by_period,Janitors,1995-1997,MSA_dummy,0.06981675556982657,0.015723278709675548,4.440343318907386,4.968645474518279e-5,5262,0.29848375534649263,0.25550532535570336
baseline_by_period,Janitors,1995-1997,gov_employee,0.03737881009300628,0.017237810204526097,2.1684198659521035,0.0349108837370753,5262,0.29848375534649263,0.25550532535570336
baseline_nounion_by_period,Janitors,1995-1997,outsourced,-0.039605460620706315,0.013559490927587813,-2.9208663387300184,0.005225404647392239,5262,0.25390181958251357,0.20819207492910752
baseline_nounion_by_period,Janitors,1995-1997,part_time,-0.19000857960287432,0.013656814152576444,-13.913096969766407,8.063217682718867e-19,5262,0.25390181958251357,0.20819207492910752
baseline_nounion_by_period,Janitors,1995-1997,female,-0.07049568727812727,0.01181276089198533,-5.967757065662514,2.456468373527764e-7,5262,0.25390181958251357,0.20819207492910752
baseline_nounion_by_period,Janitors,1995-1997,hispanic,-0.06090436685676305,0.013698493423119821,-4.446063152753052,4.874937306007095e-5,5262,0.25390181958251357,0.20819207492910752
baseline_nounion_by_period,Janitors,1995-1997,black,-0.0886892756926714,0.01785044240098747,-4.968463733300257,8.287740312376875e-6,5262,0.25390181958251357,0.20819207492910752
baseline_nounion_by_period,Janitors,1995-1997,educ_catlt_hs,-0.16120688024845609,0.03797063493765434,-4.24556714716909,9.451181233437617e-5,5262,0.25390181958251357,0.20819207492910752
baseline_nounion_by_period,Janitors,1995-1997,educ_caths_completion,-0.05899419785182747,0.03659846086014615,-1.611931115826489,0.11327213474703242,5262,0.25390181958251357,0.20819207492910752
baseline_nounion_by_period,Janitors,1995-1997,educ_catsome_college,-8.45044263812933e-4,0.03966831690405271,-0.021302750652539008,0.983088936733717,5262,0.25390181958251357,0.20819207492910752
baseline_nounion_by_period,Janitors,1995-1997,AGE,0.021273846988961648,0.002035777990121714,10.449983786144449,3.5803221112248315e-14,5262,0.25390181958251357,0.20819207492910752
baseline_nounion_by_period,Janitors,1995-1997,I(I(AGE^2)),-2.039112562801234e-4,2.505486228490705e-5,-8.138590185065944,1.0162017560085982e-10,5262,0.25390181958251357,0.20819207492910752
baseline_nounion_by_period,Janitors,1995-1997,MSA_dummy,0.07653164085029633,0.016933276587306305,4.5196002354126055,3.813541096648913e-5,5262,0.25390181958251357,0.20819207492910752
baseline_nounion_by_period,Janitors,1995-1997,gov_employee,0.08972188120893328,0.018100580808012925,4.95685095194373,8.626176180917172e-6,5262,0.25390181958251357,0.20819207492910752
baseline_by_period,Janitors,1998-2000,outsourced,-0.022758814901713963,0.01254765294926463,-1.8137905944432238,0.07571325982269889,6548,0.2829810564970823,0.2429922628253216
baseline_by_period,Janitors,1998-2000,union,0.1973464348264309,0.022672173206157435,8.70434576482657,1.380942324306989e-11,6548,0.2829810564970823,0.2429922628253216
baseline_by_period,Janitors,1998-2000,part_time,-0.1456978898564173,0.011224023531039752,-12.980896685889288,1.2360737956505503e-17,6548,0.2829810564970823,0.2429922628253216
baseline_by_period,Janitors,1998-2000,female,-0.08126348535460558,0.010000109557634917,-8.126259506083336,1.0616837220164773e-10,6548,0.2829810564970823,0.2429922628253216
baseline_by_period,Janitors,1998-2000,hispanic,-0.0354866265348823,0.015370130593435744,-2.3088044905771903,0.025126207324920446,6548,0.2829810564970823,0.2429922628253216
baseline_by_period,Janitors,1998-2000,black,-0.06323376898284461,0.018125410737730257,-3.488680609660105,0.00102227003066525,6548,0.2829810564970823,0.2429922628253216
baseline_by_period,Janitors,1998-2000,educ_catlt_hs,-0.10820551414396862,0.017940730594572234,-6.031276907792427,1.957163276860303e-7,6548,0.2829810564970823,0.2429922628253216
baseline_by_period,Janitors,1998-2000,educ_caths_completion,-0.013846753428234715,0.01896570642115157,-0.7300942617561598,0.468739592187406,6548,0.2829810564970823,0.2429922628253216
baseline_by_period,Janitors,1998-2000,educ_catsome_college,0.005267701554020898,0.019467358706546364,0.2705914877013854,0.7878191249667664,6548,0.2829810564970823,0.2429922628253216
baseline_by_period,Janitors,1998-2000,AGE,0.02151518631195,0.0018247622564882596,11.790679161325818,4.737975047412687e-16,6548,0.2829810564970823,0.2429922628253216
baseline_by_period,Janitors,1998-2000,I(I(AGE^2)),-2.1554394563636121e-4,1.9912686773904075e-5,-10.824453178203724,1.0455121786253497e-14,6548,0.2829810564970823,0.2429922628253216
baseline_by_period,Janitors,1998-2000,MSA_dummy,0.030634377133110367,0.013911087611569466,2.2021554308688707,0.032294430784041955,6548,0.2829810564970823,0.2429922628253216
baseline_by_period,Janitors,1998-2000,gov_employee,0.018511010788758442,0.017597252663178527,1.0519261809254983,0.297890862018527,6548,0.2829810564970823,0.2429922628253216
baseline_nounion_by_period,Janitors,1998-2000,outsourced,-0.0255247299524429,0.014623199093848958,-1.7454956188881758,0.08704157247258831,6548,0.24501006809770176,0.20290359812969494
baseline_nounion_by_period,Janitors,1998-2000,part_time,-0.17456916020105362,0.011453344822250022,-15.241762376866893,1.9809584635474478e-20,6548,0.24501006809770176,0.20290359812969494
baseline_nounion_by_period,Janitors,1998-2000,female,-0.08717976115715603,0.009956464895203444,-8.756095870850219,1.1520990097474033e-11,6548,0.24501006809770176,0.20290359812969494
baseline_nounion_by_period,Janitors,1998-2000,hispanic,-0.04136595226029778,0.01662383327072995,-2.488352210144695,0.0162098604949505,6548,0.24501006809770176,0.20290359812969494
baseline_nounion_by_period,Janitors,1998-2000,black,-0.054038588439234043,0.019655487488830142,-2.749287621074939,0.008289661789909628,6548,0.24501006809770176,0.20290359812969494
baseline_nounion_by_period,Janitors,1998-2000,educ_catlt_hs,-0.12069646219849561,0.02153518665236925,-5.604616488671895,8.947908070845695e-7,6548,0.24501006809770176,0.20290359812969494
baseline_nounion_by_period,Janitors,1998-2000,educ_caths_completion,-0.024648435558562554,0.021589666001332077,-1.1416774838963117,0.25902638366574104,6548,0.24501006809770176,0.20290359812969494
baseline_nounion_by_period,Janitors,1998-2000,educ_catsome_college,-6.30099323835065e-4,0.02242701027600438,-0.0280955560317924,0.9776977802779128,6548,0.24501006809770176,0.20290359812969494
baseline_nounion_by_period,Janitors,1998-2000,AGE,0.023821653027162798,0.00183656100064914,12.970793248219328,1.2739564076321757e-17,6548,0.24501006809770176,0.20290359812969494
baseline_nounion_by_period,Janitors,1998-2000,I(I(AGE^2)),-2.383621962180264e-4,1.9869831427156224e-5,-11.996186132321952,2.4917937176721547e-16,6548,0.24501006809770176,0.20290359812969494
baseline_nounion_by_period,Janitors,1998-2000,MSA_dummy,0.035705364534032946,0.01387741684260567,2.572911438706109,0.013099363003107758,6548,0.24501006809770176,0.20290359812969494
baseline_nounion_by_period,Janitors,1998-2000,gov_employee,0.06731164128116515,0.02571247181421718,2.6178596039897872,0.011677075380287071,6548,0.24501006809770176,0.20290359812969494
baseline_by_period,Janitors,2001-2003,outsourced,-0.025852649405363713,0.012890641059303083,-2.0055363644390707,0.05033271712237569,6986,0.2607705371597834,0.22698461339503517
baseline_by_period,Janitors,2001-2003,union,0.16415767476196497,0.012975293688795731,12.65155754460621,3.328958317790828e-17,6986,0.2607705371597834,0.22698461339503517
baseline_by_period,Janitors,2001-2003,part_time,-0.1976854461057635,0.01014590316186165,-19.484263051993352,5.281747439076305e-25,6986,0.2607705371597834,0.22698461339503517
baseline_by_period,Janitors,2001-2003,female,-0.0798452555607129,0.010204989596695154,-7.824138849349779,3.1139174376162823e-10,6986,0.2607705371597834,0.22698461339503517
baseline_by_period,Janitors,2001-2003,hispanic,-0.06966685076392452,0.012845226045651525,-5.423559734669577,1.6959457471284396e-6,6986,0.2607705371597834,0.22698461339503517
baseline_by_period,Janitors,2001-2003,black,-0.0931923775014861,0.011142001072972228,-8.364061077641434,4.5725570881144656e-11,6986,0.2607705371597834,0.22698461339503517
baseline_by_period,Janitors,2001-2003,educ_catlt_hs,-0.1571679485545906,0.027496154908141404,-5.715997348707631,6.026915451667771e-7,6986,0.2607705371597834,0.22698461339503517
baseline_by_period,Janitors,2001-2003,educ_caths_completion,-0.08019844771450624,0.031727887020300855,-2.5276958299552645,0.014687666755848448,6986,0.2607705371597834,0.22698461339503517
baseline_by_period,Janitors,2001-2003,educ_catsome_college,-0.024395401154258645,0.030524169065160048,-0.7992158968252895,0.42794565796739625,6986,0.2607705371597834,0.22698461339503517
baseline_by_period,Janitors,2001-2003,AGE,0.016672450337663652,0.0015507965944747404,10.75089434492256,1.3296623850845898e-14,6986,0.2607705371597834,0.22698461339503517
baseline_by_period,Janitors,2001-2003,I(I(AGE^2)),-1.6446647472309118e-4,1.836981162647409e-5,-8.953084444593129,5.794017881225893e-12,6986,0.2607705371597834,0.22698461339503517
baseline_by_period,Janitors,2001-2003,MSA_dummy,0.030321077637967073,0.014310661835055983,2.1187753569643664,0.039099965615248075,6986,0.2607705371597834,0.22698461339503517
baseline_by_period,Janitors,2001-2003,gov_employee,0.026746534684341683,0.015652969755005155,1.7087195019839143,0.09370435035060277,6986,0.2607705371597834,0.22698461339503517
baseline_nounion_by_period,Janitors,2001-2003,outsourced,-0.02289580739870918,0.014527007249296398,-1.5760856318026633,0.12131285553984489,6986,0.23606435178413332,0.20114925049389487
baseline_nounion_by_period,Janitors,2001-2003,part_time,-0.2174808528656465,0.010512130970231973,-20.688560053285496,3.6431914027089466e-26,6986,0.23606435178413332,0.20114925049389487
baseline_nounion_by_period,Janitors,2001-2003,female,-0.08422002407711754,0.011470671304970276,-7.3422053372434055,1.751333736253128e-9,6986,0.23606435178413332,0.20114925049389487
baseline_nounion_by_period,Janitors,2001-2003,hispanic,-0.07458282412527034,0.012939887389351194,-5.763792363961981,5.084896624258499e-7,6986,0.23606435178413332,0.20114925049389487
baseline_nounion_by_period,Janitors,2001-2003,black,-0.08960666520172458,0.010511291556296869,-8.524800660490198,2.5941307933842962e-11,6986,0.23606435178413332,0.20114925049389487
baseline_nounion_by_period,Janitors,2001-2003,educ_catlt_hs,-0.1582729979853188,0.02833320920416845,-5.586130284247267,9.55324974981944e-7,6986,0.23606435178413332,0.20114925049389487
baseline_nounion_by_period,Janitors,2001-2003,educ_caths_completion,-0.07529208487464112,0.03336359851091856,-2.2567135511476994,0.02842835617276391,6986,0.23606435178413332,0.20114925049389487
baseline_nounion_by_period,Janitors,2001-2003,educ_catsome_college,-0.01636307545322213,0.03311295878855198,-0.49415926730411286,0.6233578092047776,6986,0.23606435178413332,0.20114925049389487
baseline_nounion_by_period,Janitors,2001-2003,AGE,0.018170705280858887,0.0016156070574649462,11.246983105762483,2.662765494268433e-15,6986,0.23606435178413332,0.20114925049389487
baseline_nounion_by_period,Janitors,2001-2003,I(I(AGE^2)),-1.7845866918054045e-4,1.8477318974365417e-5,-9.658255585029723,5.111827322699089e-13,6986,0.23606435178413332,0.20114925049389487
baseline_nounion_by_period,Janitors,2001-2003,MSA_dummy,0.03589604178534541,0.014597582952423416,2.4590400960445398,0.01743527039199867,6986,0.23606435178413332,0.20114925049389487
baseline_nounion_by_period,Janitors,2001-2003,gov_employee,0.06853659479487695,0.017331724086667628,3.9544014462818793,2.4192330082140002e-4,6986,0.23606435178413332,0.20114925049389487
baseline_by_period,Janitors,2004-2006,outsourced,-0.06258217189198814,0.0150305292745248,-4.16367053674274,1.234451092813238e-4,6556,0.2895620461664693,0.25794958004443536
baseline_by_period,Janitors,2004-2006,union,0.1707805943769553,0.01362437266951979,12.534932691544961,4.743718618520589e-17,6556,0.2895620461664693,0.25794958004443536
baseline_by_period,Janitors,2004-2006,part_time,-0.1769061091365891,0.013889245520852004,-12.736912805738724,2.5716855690919415e-17,6556,0.2895620461664693,0.25794958004443536
baseline_by_period,Janitors,2004-2006,female,-0.1039193023949464,0.011325928192080933,-9.175345334398868,2.68026090248784e-12,6556,0.2895620461664693,0.25794958004443536
baseline_by_period,Janitors,2004-2006,hispanic,-0.07444494416764826,0.015311060116195664,-4.862167844857602,1.1943079262973803e-5,6556,0.2895620461664693,0.25794958004443536
baseline_by_period,Janitors,2004-2006,black,-0.09026753235897714,0.011243105473871414,-8.028701017593026,1.5017803183196606e-10,6556,0.2895620461664693,0.25794958004443536
baseline_by_period,Janitors,2004-2006,educ_catlt_hs,-0.17776448002968726,0.02678872072209839,-6.635795784120697,2.2292193325733542e-08,6556,0.2895620461664693,0.25794958004443536
baseline_by_period,Janitors,2004-2006,educ_caths_completion,-0.0836441823882823,0.02912801911492826,-2.871605585613415,0.005975250642777691,6556,0.2895620461664693,0.25794958004443536
baseline_by_period,Janitors,2004-2006,educ_catsome_college,-0.039972812025426685,0.029383706425797535,-1.3603733799331865,0.17981346299854495,6556,0.2895620461664693,0.25794958004443536
baseline_by_period,Janitors,2004-2006,AGE,0.02203558651092208,0.0024922893403136856,8.841504136172498,8.548027330723204e-12,6556,0.2895620461664693,0.25794958004443536
baseline_by_period,Janitors,2004-2006,I(I(AGE^2)),-2.0935927096553007e-4,2.7331227873994708e-5,-7.660075571091798,5.598803969514887e-10,6556,0.2895620461664693,0.25794958004443536
baseline_by_period,Janitors,2004-2006,MSA_dummy,0.052374279070576985,0.011922497093898247,4.392895100589401,5.816821801330902e-5,6556,0.2895620461664693,0.25794958004443536
baseline_by_period,Janitors,2004-2006,gov_employee,0.02669812151148196,0.012031484360480968,2.2190214200980503,0.031052430637758897,6556,0.2895620461664693,0.25794958004443536
baseline_nounion_by_period,Janitors,2004-2006,outsourced,-0.06514190131489205,0.0166730946781521,-3.9070072216558542,2.811718684878156e-4,6556,0.2653959155387836,0.23270812541182284
baseline_nounion_by_period,Janitors,2004-2006,part_time,-0.1961921217120079,0.014100430847130009,-13.91390971233625,8.044431349954609e-19,6556,0.2653959155387836,0.23270812541182284
baseline_nounion_by_period,Janitors,2004-2006,female,-0.10897831427891125,0.011469294031363715,-9.501745615806971,8.721294696049451e-13,6556,0.2653959155387836,0.23270812541182284
baseline_nounion_by_period,Janitors,2004-2006,hispanic,-0.07961932152739688,0.016902632395752994,-4.710468740206542,2.003664932052793e-5,6556,0.2653959155387836,0.23270812541182284
baseline_nounion_by_period,Janitors,2004-2006,black,-0.087121055068486,0.011413488107629155,-7.633166499753163,6.165165220227009e-10,6556,0.2653959155387836,0.23270812541182284
baseline_nounion_by_period,Janitors,2004-2006,educ_catlt_hs,-0.1724622704418547,0.02809408725776999,-6.138739047098131,1.331736244065295e-7,6556,0.2653959155387836,0.23270812541182284
baseline_nounion_by_period,Janitors,2004-2006,educ_caths_completion,-0.07564645749623977,0.030718633226757098,-2.4625593507965333,0.017283850245991533,6556,0.2653959155387836,0.23270812541182284
baseline_nounion_by_period,Janitors,2004-2006,educ_catsome_college,-0.02974507836797624,0.030190049647327525,-0.9852609954422293,0.329239775190207,6556,0.2653959155387836,0.23270812541182284
baseline_nounion_by_period,Janitors,2004-2006,AGE,0.023895788937389195,0.0027505494733988875,8.687641930636092,1.464187102352711e-11,6556,0.2653959155387836,0.23270812541182284
baseline_nounion_by_period,Janitors,2004-2006,I(I(AGE^2)),-2.2677471816248446e-4,2.9812584943920946e-5,-7.606677468225574,6.778855050109124e-10,6556,0.2653959155387836,0.23270812541182284
baseline_nounion_by_period,Janitors,2004-2006,MSA_dummy,0.060864589699406384,0.01249967880504281,4.869292295322938,1.1654973296684513e-5,6556,0.2653959155387836,0.23270812541182284
baseline_nounion_by_period,Janitors,2004-2006,gov_employee,0.0689155356476216,0.013389949827046495,5.146810595840949,4.468346536186394e-6,6556,0.2653959155387836,0.23270812541182284
baseline_by_period,Janitors,2007-2009,outsourced,-0.04059503859718078,0.010928814829899982,-3.714495965849601,5.135591723742231e-4,6356,0.2632529398835618,0.22941860433892258
baseline_by_period,Janitors,2007-2009,union,0.1357526312284557,0.015277339706320935,8.885881563024263,7.32207107810339e-12,6356,0.2632529398835618,0.22941860433892258
baseline_by_period,Janitors,2007-2009,part_time,-0.20644304239618844,0.012530432974058264,-16.475331923772078,7.626755302427883e-22,6356,0.2632529398835618,0.22941860433892258
baseline_by_period,Janitors,2007-2009,female,-0.08450991214189715,0.012992971365426266,-6.504279103298447,3.579799229203656e-8,6356,0.2632529398835618,0.22941860433892258
baseline_by_period,Janitors,2007-2009,hispanic,-0.04824248281020942,0.018307081099944996,-2.6351815751968433,0.011167703189834075,6356,0.2632529398835618,0.22941860433892258
baseline_by_period,Janitors,2007-2009,black,-0.09553599914363713,0.015206748166634384,-6.282473944906626,7.94958163794331e-8,6356,0.2632529398835618,0.22941860433892258
baseline_by_period,Janitors,2007-2009,educ_catlt_hs,-0.26752568139466226,0.03827723023949314,-6.989159866604934,6.239913686714986e-9,6356,0.2632529398835618,0.22941860433892258
baseline_by_period,Janitors,2007-2009,educ_caths_completion,-0.15862587357896996,0.033640033468559594,-4.7153898858996,1.9704692671191997e-5,6356,0.2632529398835618,0.22941860433892258
baseline_by_period,Janitors,2007-2009,educ_catsome_college,-0.13011215823465816,0.03470822910454001,-3.7487409064508808,4.6183671863893875e-4,6356,0.2632529398835618,0.22941860433892258
baseline_by_period,Janitors,2007-2009,AGE,0.017526164837514846,0.0020150251179809394,8.697740132925048,1.4132764159111152e-11,6356,0.2632529398835618,0.22941860433892258
baseline_by_period,Janitors,2007-2009,I(I(AGE^2)),-1.6155785593600252e-4,2.1532376665238733e-5,-7.50302014718222,9.830274486054346e-10,6356,0.2632529398835618,0.22941860433892258
baseline_by_period,Janitors,2007-2009,MSA_dummy,0.02298628838358359,0.013900683154971996,1.6536085404811096,0.10447288631310099,6356,0.2632529398835618,0.22941860433892258
baseline_by_period,Janitors,2007-2009,gov_employee,0.029939853824542784,0.014778365702541868,2.0259245458645774,0.04812514336443444,6356,0.2632529398835618,0.22941860433892258
baseline_nounion_by_period,Janitors,2007-2009,outsourced,-0.04188414230755387,0.01105509502609121,-3.7886732053141836,4.0783757541874583e-4,6356,0.24763577297423667,0.21308423542897703
baseline_nounion_by_period,Janitors,2007-2009,part_time,-0.2213438172894403,0.01173259162617982,-18.865722454324505,2.192915792631212e-24,6356,0.24763577297423667,0.21308423542897703
baseline_nounion_by_period,Janitors,2007-2009,female,-0.08514455312045671,0.012755302159518825,-6.6752282349435665,1.9339885779584504e-8,6356,0.24763577297423667,0.21308423542897703
baseline_nounion_by_period,Janitors,2007-2009,hispanic,-0.04832834458315788,0.019698612597925703,-2.45338824462424,0.017680956500701315,6356,0.24763577297423667,0.21308423542897703
baseline_nounion_by_period,Janitors,2007-2009,black,-0.09146403035252633,0.015053039624867287,-6.076117025655721,1.6668395542240867e-7,6356,0.24763577297423667,0.21308423542897703
baseline_nounion_by_period,Janitors,2007-2009,educ_catlt_hs,-0.2696525114101579,0.03943157532086106,-6.838491975427106,1.0738678339283363e-8,6356,0.24763577297423667,0.21308423542897703
baseline_nounion_by_period,Janitors,2007-2009,educ_caths_completion,-0.15887177380528295,0.03474936961955992,-4.571932542795145,3.1994414442814796e-5,6356,0.24763577297423667,0.21308423542897703
baseline_nounion_by_period,Janitors,2007-2009,educ_catsome_college,-0.12698904427846402,0.036264775480632117,-3.501718750369347,9.829906046791568e-4,6356,0.24763577297423667,0.21308423542897703
baseline_nounion_by_period,Janitors,2007-2009,AGE,0.01872807238208732,0.0020950675704869467,8.939125709312775,6.082450692668897e-12,6356,0.24763577297423667,0.21308423542897703
baseline_nounion_by_period,Janitors,2007-2009,I(I(AGE^2)),-1.7254241028044452e-4,2.2415706534028614e-5,-7.69738888303668,4.898824291826105e-10,6356,0.24763577297423667,0.21308423542897703
baseline_nounion_by_period,Janitors,2007-2009,MSA_dummy,0.02717746325121013,0.014196783397571206,1.914339501429575,0.06130816184007735,6356,0.24763577297423667,0.21308423542897703
baseline_nounion_by_period,Janitors,2007-2009,gov_employee,0.06634675421822615,0.018022922764331636,3.681242775424309,5.690763995417563e-4,6356,0.24763577297423667,0.21308423542897703
baseline_by_period,Janitors,2010-2012,outsourced,-0.05861279852781274,0.013364816272753599,-4.385604510501553,5.959084556533915e-5,6436,0.2565070420791915,0.22199768182029866
baseline_by_period,Janitors,2010-2012,union,0.14156001200384008,0.023771986192673435,5.954908893875645,2.5719177765536356e-7,6436,0.2565070420791915,0.22199768182029866
baseline_by_period,Janitors,2010-2012,part_time,-0.18637495136595505,0.015846351686202843,-11.761379215648018,5.194875823491872e-16,6436,0.2565070420791915,0.22199768182029866
baseline_by_period,Janitors,2010-2012,female,-0.08173918637185201,0.013166850403680526,-6.207952841098846,1.0388977240302651e-7,6436,0.2565070420791915,0.22199768182029866
baseline_by_period,Janitors,2010-2012,hispanic,-0.0571260593492278,0.010900236728438952,-5.24080905510838,3.219606348853268e-6,6436,0.2565070420791915,0.22199768182029866
baseline_by_period,Janitors,2010-2012,black,-0.07843316799532526,0.010780910885795088,-7.275189344034806,2.2284656219035454e-9,6436,0.2565070420791915,0.22199768182029866
baseline_by_period,Janitors,2010-2012,educ_catlt_hs,-0.1355183251612792,0.021802372775596143,-6.215760392509559,1.0101847927890466e-7,6436,0.2565070420791915,0.22199768182029866
baseline_by_period,Janitors,2010-2012,educ_caths_completion,-0.051070717660386344,0.02089596351257408,-2.4440470347134124,0.0180938774768171,6436,0.2565070420791915,0.22199768182029866
baseline_by_period,Janitors,2010-2012,educ_catsome_college,-0.0053462171163519145,0.025615089306694542,-0.2087135848850885,0.835519786932734,6436,0.2565070420791915,0.22199768182029866
baseline_by_period,Janitors,2010-2012,AGE,0.017120826720056742,0.0021771186962823708,7.8639840580544,2.7010297135964595e-10,6436,0.2565070420791915,0.22199768182029866
baseline_by_period,Janitors,2010-2012,I(I(AGE^2)),-1.5149746037353487e-4,2.5867711168390658e-5,-5.856624089674347,3.6530632732653215e-7,6436,0.2565070420791915,0.22199768182029866
baseline_by_period,Janitors,2010-2012,MSA_dummy,0.01991801044324258,0.014972574110556077,1.3302996730001047,0.18945558905341697,6436,0.2565070420791915,0.22199768182029866
baseline_by_period,Janitors,2010-2012,gov_employee,0.04831247801911294,0.011269049483237103,4.287183057539906,8.2454459095558e-5,6436,0.2565070420791915,0.22199768182029866
baseline_nounion_by_period,Janitors,2010-2012,outsourced,-0.0617592412963863,0.013854219557732365,-4.457792879564769,4.688133941703847e-5,6436,0.23957066710410235,0.20427520193423698
baseline_nounion_by_period,Janitors,2010-2012,part_time,-0.20040551492481395,0.016215284468425295,-12.359050210623645,8.119274177260964e-17,6436,0.23957066710410235,0.20427520193423698
baseline_nounion_by_period,Janitors,2010-2012,female,-0.08091852195235708,0.013115349407023243,-6.169757239485009,1.1915182139208788e-7,6436,0.23957066710410235,0.20427520193423698
baseline_nounion_by_period,Janitors,2010-2012,hispanic,-0.06105681199908181,0.011366033668917296,-5.371866191638508,2.0340687509378248e-06,6436,0.23957066710410235,0.20427520193423698
baseline_nounion_by_period,Janitors,2010-2012,black,-0.0751843916213493,0.011810941887284076,-6.365655875616024,5.8950575584949025e-8,6436,0.23957066710410235,0.20427520193423698
baseline_nounion_by_period,Janitors,2010-2012,educ_catlt_hs,-0.13929786836555752,0.022330270078819752,-6.238073604747014,9.324113778448929e-8,6436,0.23957066710410235,0.20427520193423698
baseline_nounion_by_period,Janitors,2010-2012,educ_caths_completion,-0.052160940607919815,0.021843093002187227,-2.387983267877711,0.020760019995750858,6436,0.23957066710410235,0.20427520193423698
baseline_nounion_by_period,Janitors,2010-2012,educ_catsome_college,-0.0035532485074548092,0.026754800973363007,-0.13280788412488703,0.8948783715639881,6436,0.23957066710410235,0.20427520193423698
baseline_nounion_by_period,Janitors,2010-2012,AGE,0.017900110651814266,0.0021295396936091547,8.405624326014355,3.948358721048812e-11,6436,0.23957066710410235,0.20427520193423698
baseline_nounion_by_period,Janitors,2010-2012,I(I(AGE^2)),-1.5829651624612033e-4,2.5358007682027374e-5,-6.242466609800495,9.178174432077077e-8,6436,0.23957066710410235,0.20427520193423698
baseline_nounion_by_period,Janitors,2010-2012,MSA_dummy,0.024668107896213272,0.01486846979928715,1.6590885430184585,0.10335864461281681,6436,0.23957066710410235,0.20427520193423698
baseline_nounion_by_period,Janitors,2010-2012,gov_employee,0.0812886289314254,0.015046405249530343,5.402528217426733,1.826219785734256e-6,6436,0.23957066710410235,0.20427520193423698
baseline_by_period,Janitors,2013-2015,outsourced,-0.03737581561317084,0.011861075274015066,-3.151132148621702,0.00274650766887305,6509,0.24249655368252987,0.2109943812150521
baseline_by_period,Janitors,2013-2015,union,0.1343201813092336,0.01673386905164911,8.026845488909597,1.5117284022701552e-10,6509,0.24249655368252987,0.2109943812150521
baseline_by_period,Janitors,2013-2015,part_time,-0.17868912656220398,0.010153295658921872,-17.599125699170084,4.532096629018216e-23,6509,0.24249655368252987,0.2109943812150521
baseline_by_period,Janitors,2013-2015,female,-0.08540992464112562,0.011225807661101971,-7.608354536224206,6.738243791901511e-10,6509,0.24249655368252987,0.2109943812150521
baseline_by_period,Janitors,2013-2015,hispanic,-0.028865177164984546,0.012983642793101753,-2.223195571917667,0.030751644036464944,6509,0.24249655368252987,0.2109943812150521
baseline_by_period,Janitors,2013-2015,black,-0.07141244229005914,0.01122643685597465,-6.361095974280906,5.992519856305748e-8,6509,0.24249655368252987,0.2109943812150521
baseline_by_period,Janitors,2013-2015,educ_catlt_hs,-0.14910196424958055,0.03357179626580209,-4.441286461679838,4.953073798227177e-5,6509,0.24249655368252987,0.2109943812150521
baseline_by_period,Janitors,2013-2015,educ_caths_completion,-0.05744199340721917,0.033347730273246286,-1.7225158335079516,0.09115702729247618,6509,0.24249655368252987,0.2109943812150521
baseline_by_period,Janitors,2013-2015,educ_catsome_college,-0.033169548527904213,0.03308935281499946,-1.002423610801732,0.32096579824061444,6509,0.24249655368252987,0.2109943812150521
baseline_by_period,Janitors,2013-2015,AGE,0.018261244226030843,0.0016865170669046689,10.827785015864928,1.034205283055169e-14,6509,0.24249655368252987,0.2109943812150521
baseline_by_period,Janitors,2013-2015,I(I(AGE^2)),-1.6027353682423117e-4,2.0461901524000308e-5,-7.832778231106336,3.019316931174859e-10,6509,0.24249655368252987,0.2109943812150521
baseline_by_period,Janitors,2013-2015,MSA_dummy,0.018127422975529897,0.017043688999904962,1.0635856460201178,0.2926262548091559,6509,0.24249655368252987,0.2109943812150521
baseline_by_period,Janitors,2013-2015,gov_employee,0.02260559884208898,0.01067768062407695,2.117088873319168,0.039249690649204354,6509,0.24249655368252987,0.2109943812150521
baseline_nounion_by_period,Janitors,2013-2015,outsourced,-0.03703234972427215,0.011946471338034321,-3.0998567423312022,0.0031766764822526118,6509,0.22746531712744278,0.1953380430730881
baseline_nounion_by_period,Janitors,2013-2015,part_time,-0.18995992632150743,0.010451830422898937,-18.17479988053804,1.1221745668261894e-23,6509,0.22746531712744278,0.1953380430730881
baseline_nounion_by_period,Janitors,2013-2015,female,-0.08868702995435143,0.011390698518865686,-7.78591671155766,3.569495576163707e-10,6509,0.22746531712744278,0.1953380430730881
baseline_nounion_by_period,Janitors,2013-2015,hispanic,-0.029134769974808045,0.013375753608700589,-2.178177830358404,0.034135547118914616,6509,0.22746531712744278,0.1953380430730881
baseline_nounion_by_period,Janitors,2013-2015,black,-0.06733891134254819,0.011107650043126329,-6.062390431918502,1.7508406184699932e-7,6509,0.22746531712744278,0.1953380430730881
baseline_nounion_by_period,Janitors,2013-2015,educ_catlt_hs,-0.1523748327097324,0.033395910212992964,-4.562679434035898,3.300490936655955e-5,6509,0.22746531712744278,0.1953380430730881
baseline_nounion_by_period,Janitors,2013-2015,educ_caths_completion,-0.058799608193812525,0.033301827560206096,-1.7656570975724741,0.08355919986618858,6509,0.22746531712744278,0.1953380430730881
baseline_nounion_by_period,Janitors,2013-2015,educ_catsome_college,-0.02973157271800192,0.033048074874779954,-0.8996461316023898,0.37262113669836205,6509,0.22746531712744278,0.1953380430730881
baseline_nounion_by_period,Janitors,2013-2015,AGE,0.019500904368344674,0.0019140775179908227,10.188147650788181,8.554305486799864e-14,6509,0.22746531712744278,0.1953380430730881
baseline_nounion_by_period,Janitors,2013-2015,I(I(AGE^2)),-1.720056244010667e-4,2.2604139727085942e-5,-7.609474480241197,6.711259732896287e-10,6509,0.22746531712744278,0.1953380430730881
baseline_nounion_by_period,Janitors,2013-2015,MSA_dummy,0.022370205231204005,0.01749450279104698,1.2786991147100346,0.20690644061242439,6509,0.22746531712744278,0.1953380430730881
baseline_nounion_by_period,Janitors,2013-2015,gov_employee,0.05614287690256998,0.013656792166131096,4.1109856706909955,1.4642552130380383e-4,6509,0.22746531712744278,0.1953380430730881
baseline_by_period,Janitors,2016-2019,outsourced,-0.027206570673160606,0.009290529132327523,-2.928419930194508,0.005118484785934284,7985,0.2211966069836827,0.19232446651726243
baseline_by_period,Janitors,2016-2019,union,0.12928722405770962,0.013099636037597114,9.86952795380298,2.496385131795533e-13,7985,0.2211966069836827,0.19232446651726243
baseline_by_period,Janitors,2016-2019,part_time,-0.18678825443211966,0.015151996201286797,-12.327633398974617,8.941075162508049e-17,7985,0.2211966069836827,0.19232446651726243
baseline_by_period,Janitors,2016-2019,female,-0.09722577900539744,0.013508191583763577,-7.1975422026335325,2.9465671281351713e-9,7985,0.2211966069836827,0.19232446651726243
baseline_by_period,Janitors,2016-2019,hispanic,-0.017782382390961998,0.01504439144060714,-1.1819941312457876,0.2427990194547819,7985,0.2211966069836827,0.19232446651726243
baseline_by_period,Janitors,2016-2019,black,-0.11000420784260673,0.016264377004293614,-6.763505777907561,1.4070426223026534e-8,7985,0.2211966069836827,0.19232446651726243
baseline_by_period,Janitors,2016-2019,educ_catlt_hs,-0.21636022347058936,0.023064017044129675,-9.380856034602091,1.3200520953086908e-12,7985,0.2211966069836827,0.19232446651726243
baseline_by_period,Janitors,2016-2019,educ_caths_completion,-0.11289463659259938,0.020934559625908247,-5.392739976860222,1.8901794424836587e-6,7985,0.2211966069836827,0.19232446651726243
baseline_by_period,Janitors,2016-2019,educ_catsome_college,-0.08479619315889836,0.027823358040025264,-3.0476620771984058,0.003678954962974999,7985,0.2211966069836827,0.19232446651726243
baseline_by_period,Janitors,2016-2019,AGE,0.018648406600302536,0.0018481256420850535,10.090443082248143,1.1864738036684215e-13,7985,0.2211966069836827,0.19232446651726243
baseline_by_period,Janitors,2016-2019,I(I(AGE^2)),-1.7422587013473842e-4,2.0311518742257096e-5,-8.577687978214561,2.153804373095202e-11,7985,0.2211966069836827,0.19232446651726243
baseline_by_period,Janitors,2016-2019,MSA_dummy,-7.848636918822349e-4,0.016562064593800097,-0.0473892422914498,0.9623917848265915,7985,0.2211966069836827,0.19232446651726243
baseline_by_period,Janitors,2016-2019,gov_employee,0.0030902272576425333,0.01701119517714962,0.18165844465728648,0.8565852272179044,7985,0.2211966069836827,0.19232446651726243
baseline_nounion_by_period,Janitors,2016-2019,outsourced,-0.029050410010085806,0.009299208921031893,-3.123965732653118,0.0029670839864951904,7985,0.20790955294983804,0.17854482899714874
baseline_nounion_by_period,Janitors,2016-2019,part_time,-0.20034816169185377,0.015519582592853897,-12.909378231867235,1.530974390136106e-17,7985,0.20790955294983804,0.17854482899714874
baseline_nounion_by_period,Janitors,2016-2019,female,-0.09921476367165592,0.013630044098225122,-7.279122720122048,2.197165354865275e-9,7985,0.20790955294983804,0.17854482899714874
baseline_nounion_by_period,Janitors,2016-2019,hispanic,-0.018795826315734815,0.01540501173403362,-1.2201111326783358,0.2281463534523629,7985,0.20790955294983804,0.17854482899714874
baseline_nounion_by_period,Janitors,2016-2019,black,-0.1051338910356116,0.016945231427217877,-6.204334917889807,1.0524772012266257e-7,7985,0.20790955294983804,0.17854482899714874
baseline_nounion_by_period,Janitors,2016-2019,educ_catlt_hs,-0.2199589243927027,0.022630989431996647,-9.71936843740979,4.1525096309078984e-13,7985,0.20790955294983804,0.17854482899714874
baseline_nounion_by_period,Janitors,2016-2019,educ_caths_completion,-0.11383857112293952,0.0209532244819309,-5.4329858023097435,1.6405841129632382e-6,7985,0.20790955294983804,0.17854482899714874
baseline_nounion_by_period,Janitors,2016-2019,educ_catsome_college,-0.0831801274020352,0.027325357314145173,-3.04406366752161,0.0037161911312175587,7985,0.20790955294983804,0.17854482899714874
baseline_nounion_by_period,Janitors,2016-2019,AGE,0.01942114141851492,0.0018816763664466,10.321191127669973,5.489455129722589e-14,7985,0.20790955294983804,0.17854482899714874
baseline_nounion_by_period,Janitors,2016-2019,I(I(AGE^2)),-1.8150069796882533e-4,2.0519833552188852e-5,-8.845135001081168,8.440380627775074e-12,7985,0.20790955294983804,0.17854482899714874
baseline_nounion_by_period,Janitors,2016-2019,MSA_dummy,0.0029543453596229006,0.016489550780670423,0.17916469641405142,0.858532444605064,7985,0.20790955294983804,0.17854482899714874
baseline_nounion_by_period,Janitors,2016-2019,gov_employee,0.0308689397084118,0.021183223563533367,1.4572352322029147,0.15130365238725746,7985,0.20790955294983804,0.17854482899714874
baseline_by_period,Janitors,2021-2025,outsourced,-0.017176576035402305,0.0101708974257829,-1.6887965059858172,0.09748642023178215,6140,0.2178785799670242,0.16357448220388437
baseline_by_period,Janitors,2021-2025,union,0.10010844069681132,0.015007165515190159,6.670709441798465,1.9657338462414494e-8,6140,0.2178785799670242,0.16357448220388437
baseline_by_period,Janitors,2021-2025,part_time,-0.1812910585718994,0.012078075518980678,-15.009929213226126,3.725171902404169e-20,6140,0.2178785799670242,0.16357448220388437
baseline_by_period,Janitors,2021-2025,female,-0.09179776351103486,0.016230198182314554,-5.655985372443787,7.458254084285441e-7,6140,0.2178785799670242,0.16357448220388437
baseline_by_period,Janitors,2021-2025,hispanic,-0.05876160183240919,0.014045127780640784,-4.183771251508563,1.1563456454936122e-4,6140,0.2178785799670242,0.16357448220388437
baseline_by_period,Janitors,2021-2025,black,-0.07298108257814227,0.01810912646511648,-4.030071948457888,1.8999285312455667e-4,6140,0.2178785799670242,0.16357448220388437
baseline_by_period,Janitors,2021-2025,educ_catlt_hs,-0.13882838097138064,0.02244364617210704,-6.1856429167875815,1.1255032359757773e-7,6140,0.2178785799670242,0.16357448220388437
baseline_by_period,Janitors,2021-2025,educ_caths_completion,-0.07416912242797553,0.01863065294480977,-3.9810264647025146,2.2225400463135673e-4,6140,0.2178785799670242,0.16357448220388437
baseline_by_period,Janitors,2021-2025,educ_catsome_college,-0.03531764351491104,0.017003797733572117,-2.0770444384421407,0.042955081141782654,6140,0.2178785799670242,0.16357448220388437
baseline_by_period,Janitors,2021-2025,AGE,0.016245394979554774,0.0016813935212016096,9.66186367123919,5.049423506310199e-13,6140,0.2178785799670242,0.16357448220388437
baseline_by_period,Janitors,2021-2025,I(I(AGE^2)),-1.6496066987326788e-4,1.9896519591252315e-5,-8.290930939790814,5.92189499907857e-11,6140,0.2178785799670242,0.16357448220388437
baseline_by_period,Janitors,2021-2025,MSA_dummy,0.04596589954171783,0.013807182730514215,3.32912951460634,0.0016414371057563634,6140,0.2178785799670242,0.16357448220388437
baseline_by_period,Janitors,2021-2025,gov_employee,0.005699799263453514,0.011803067955943183,0.48290828153569193,0.6312686259138636,6140,0.2178785799670242,0.16357448220388437
baseline_nounion_by_period,Janitors,2021-2025,outsourced,-0.016374801103590526,0.010109151331720762,-1.619799780047732,0.1115662488407329,6140,0.20951964182376692,0.15463516794190568
baseline_nounion_by_period,Janitors,2021-2025,part_time,-0.19074156587604865,0.012502052223692352,-15.256820437414161,1.9017573777720356e-20,6140,0.20951964182376692,0.15463516794190568
baseline_nounion_by_period,Janitors,2021-2025,female,-0.0939972990476369,0.01623954990806633,-5.788171444391301,4.6622559149992097e-7,6140,0.20951964182376692,0.15463516794190568
baseline_nounion_by_period,Janitors,2021-2025,hispanic,-0.058605731732981683,0.013708552350421723,-4.275121853488692,8.578573215204284e-5,6140,0.20951964182376692,0.15463516794190568
baseline_nounion_by_period,Janitors,2021-2025,black,-0.0697643168631562,0.01776853486535849,-3.9262841529589827,2.6451801439782824e-4,6140,0.20951964182376692,0.15463516794190568
baseline_nounion_by_period,Janitors,2021-2025,educ_catlt_hs,-0.14082848021697789,0.021582266889453337,-6.5251940835648226,3.320130280825573e-8,6140,0.20951964182376692,0.15463516794190568
baseline_nounion_by_period,Janitors,2021-2025,educ_caths_completion,-0.0720415859989553,0.018062484317758747,-3.9884649714616036,2.1704103705044668e-4,6140,0.20951964182376692,0.15463516794190568
baseline_nounion_by_period,Janitors,2021-2025,educ_catsome_college,-0.030845139799633783,0.016619337850346565,-1.855978864945607,0.06935478954158111,6140,0.20951964182376692,0.15463516794190568
baseline_nounion_by_period,Janitors,2021-2025,AGE,0.01674921501944021,0.001712989371472477,9.777769376959222,3.4058384030032196e-13,6140,0.20951964182376692,0.15463516794190568
baseline_nounion_by_period,Janitors,2021-2025,I(I(AGE^2)),-1.6930751512686136e-4,2.037830525033763e-5,-8.308223527275716,5.57043114563472e-11,6140,0.20951964182376692,0.15463516794190568
baseline_nounion_by_period,Janitors,2021-2025,MSA_dummy,0.0527745926130874,0.014214454985308872,3.7127411967347155,5.163540690614324e-4,6140,0.20951964182376692,0.15463516794190568
baseline_nounion_by_period,Janitors,2021-2025,gov_employee,0.02425712238769888,0.010859856684385648,2.2336503227133635,0.030009564416767436,6140,0.20951964182376692,0.15463516794190568
baseline_by_period,Guards,1983-1985,outsourced,-0.21442272529745163,0.019522472952434446,-10.983379299327607,3.4228134798292934e-14,1742,0.3656675874054931,0.32426644539347016
baseline_by_period,Guards,1983-1985,union,0.2347177196964975,0.0254712648500924,9.215000553678669,7.81319780672245e-12,1742,0.3656675874054931,0.32426644539347016
baseline_by_period,Guards,1983-1985,part_time,-0.21645528904164615,0.02476307536131755,-8.741050369687578,3.572120631375988e-11,1742,0.3656675874054931,0.32426644539347016
baseline_by_period,Guards,1983-1985,female,-0.05688040663179617,0.018680133476758645,-3.0449678907575985,0.003920971318753596,1742,0.3656675874054931,0.32426644539347016
baseline_by_period,Guards,1983-1985,hispanic,-0.07248949909363536,0.03686088591999497,-1.9665696383687257,0.05556017605511403,1742,0.3656675874054931,0.32426644539347016
baseline_by_period,Guards,1983-1985,black,-0.0041104290453167665,0.02934717423518487,-0.14006217472170446,0.8892500690752644,1742,0.3656675874054931,0.32426644539347016
baseline_by_period,Guards,1983-1985,educ_catlt_hs,-0.07663844065150761,0.029380278539302866,-2.608499458199013,0.012376133119218402,1742,0.3656675874054931,0.32426644539347016
baseline_by_period,Guards,1983-1985,educ_caths_completion,-0.060818528753939186,0.05180388577519113,-1.1740148030182163,0.2467045957189921,1742,0.3656675874054931,0.32426644539347016
baseline_by_period,Guards,1983-1985,educ_catsome_college,-0.023443569715542387,0.03769645263826759,-0.6219038682632865,0.5372144396134322,1742,0.3656675874054931,0.32426644539347016
baseline_by_period,Guards,1983-1985,AGE,0.024741623055096217,0.0026425581898242008,9.362754300120892,4.890342764586451e-12,1742,0.3656675874054931,0.32426644539347016
baseline_by_period,Guards,1983-1985,I(I(AGE^2)),-2.7583322596197413e-4,3.2158456048316027e-05,-8.577315575957762,6.07393246218188e-11,1742,0.3656675874054931,0.32426644539347016
baseline_by_period,Guards,1983-1985,MSA_dummy,0.04373393410301247,0.026510083648868255,1.6497093967064687,0.10612449181613676,1742,0.3656675874054931,0.32426644539347016
baseline_by_period,Guards,1983-1985,gov_employee,0.09418481907482819,0.03401437583199704,2.768970965100859,0.008200785281857246,1742,0.3656675874054931,0.32426644539347016
baseline_nounion_by_period,Guards,1983-1985,outsourced,-0.2228767954524278,0.021422312463407044,-10.40395596101678,1.941944134322625e-13,1979,0.3037743191927692,0.2651496993660255
baseline_nounion_by_period,Guards,1983-1985,part_time,-0.2349142442123931,0.023793632594994406,-9.872987795138657,9.895048325763566e-13,1979,0.3037743191927692,0.2651496993660255
baseline_nounion_by_period,Guards,1983-1985,female,-0.05058790253170709,0.016551804382300653,-3.056337627201677,0.003800641850007997,1979,0.3037743191927692,0.2651496993660255
baseline_nounion_by_period,Guards,1983-1985,hispanic,-0.07653613381090038,0.036311211585069565,-2.1077824305474424,0.040781848921587455,1979,0.3037743191927692,0.2651496993660255
baseline_nounion_by_period,Guards,1983-1985,black,0.0014680880259082887,0.02769142005271616,0.05301598918052918,0.9579591454051648,1979,0.3037743191927692,0.2651496993660255
baseline_nounion_by_period,Guards,1983-1985,educ_catlt_hs,-0.07344317892274112,0.02682878922426018,-2.737476458920086,0.008899998273371746,1979,0.3037743191927692,0.2651496993660255
baseline_nounion_by_period,Guards,1983-1985,educ_caths_completion,-0.03713183914181612,0.04610043760085218,-0.8054552423842877,0.4248885324584196,1979,0.3037743191927692,0.2651496993660255
baseline_nounion_by_period,Guards,1983-1985,educ_catsome_college,-0.01975687322382435,0.035021668637215106,-0.5641328352593139,0.575528215028169,1979,0.3037743191927692,0.2651496993660255
baseline_nounion_by_period,Guards,1983-1985,AGE,0.031647356095411985,0.0032189790823599572,9.831488582463882,1.1254816886694996e-12,1979,0.3037743191927692,0.2651496993660255
baseline_nounion_by_period,Guards,1983-1985,I(I(AGE^2)),-3.5513965573921e-4,3.833039148650031e-5,-9.265223807178897,6.660930963766377e-12,1979,0.3037743191927692,0.2651496993660255
baseline_nounion_by_period,Guards,1983-1985,MSA_dummy,0.0490635786118637,0.029895490931356565,1.641169858174239,0.10789216286869394,1979,0.3037743191927692,0.2651496993660255
baseline_nounion_by_period,Guards,1983-1985,gov_employee,0.1147296693682637,0.03007950508035702,3.8142139992584596,4.2238367779144366e-4,1979,0.3037743191927692,0.2651496993660255
baseline_by_period,Guards,1986-1988,outsourced,-0.23482544391648008,0.025350763567334976,-9.263052108578611,2.3991642135628645e-12,2223,0.35984414745497473,0.32487705190473193
baseline_by_period,Guards,1986-1988,union,0.21354599697680937,0.021170627403004738,10.08689978391953,1.509358694757856e-13,2223,0.35984414745497473,0.32487705190473193
baseline_by_period,Guards,1986-1988,part_time,-0.17773390695148644,0.02117511074459878,-8.393529039597668,4.810177402118361e-11,2223,0.35984414745497473,0.32487705190473193
baseline_by_period,Guards,1986-1988,female,-0.022912126665430146,0.017382456340460286,-1.3181178894779513,0.19359309557590168,2223,0.35984414745497473,0.32487705190473193
baseline_by_period,Guards,1986-1988,hispanic,-0.11371218914465622,0.04540899336848391,-2.5041777125933407,0.01565165194904911,2223,0.35984414745497473,0.32487705190473193
baseline_by_period,Guards,1986-1988,black,-0.045600470542132926,0.020851100099098064,-2.1869575382310606,0.03354870723543981,2223,0.35984414745497473,0.32487705190473193
baseline_by_period,Guards,1986-1988,educ_catlt_hs,-0.056567350983232075,0.023578951198201352,-2.3990613707851067,0.02028632465851398,2223,0.35984414745497473,0.32487705190473193
baseline_by_period,Guards,1986-1988,educ_caths_completion,0.011942901213207995,0.044173900654147065,0.2703610284885899,0.7880180395313459,2223,0.35984414745497473,0.32487705190473193
baseline_by_period,Guards,1986-1988,educ_catsome_college,0.034272675784917286,0.03518172069787815,0.9741614425068275,0.33476118782719233,2223,0.35984414745497473,0.32487705190473193
baseline_by_period,Guards,1986-1988,AGE,0.03500123857464024,0.0034624256000531377,10.108878173180987,1.4035200122587553e-13,2223,0.35984414745497473,0.32487705190473193
baseline_by_period,Guards,1986-1988,I(I(AGE^2)),-3.9142710982136524e-4,3.7788042754848806e-5,-10.35849123916689,6.171917644841423e-14,2223,0.35984414745497473,0.32487705190473193
baseline_by_period,Guards,1986-1988,MSA_dummy,0.0831148139170883,0.02417134707292489,3.4385677250974522,0.001202654050828556,2223,0.35984414745497473,0.32487705190473193
baseline_by_period,Guards,1986-1988,gov_employee,0.09570747436082111,0.031939009306677014,2.996569913670208,0.004276275536106902,2223,0.35984414745497473,0.32487705190473193
baseline_nounion_by_period,Guards,1986-1988,outsourced,-0.24741318019376424,0.02489908591866396,-9.936637071817454,2.4850409015070506e-13,2223,0.3272823941189198,0.29053668491442597
baseline_nounion_by_period,Guards,1986-1988,part_time,-0.19633249499225894,0.019046014258656947,-10.308324478073953,7.275497642002868e-14,2223,0.3272823941189198,0.29053668491442597
baseline_nounion_by_period,Guards,1986-1988,female,-0.032773419902751004,0.01832145240693166,-1.7888003186009231,0.07982964854148143,2223,0.3272823941189198,0.29053668491442597
baseline_nounion_by_period,Guards,1986-1988,hispanic,-0.11027211614671883,0.04026696430414284,-2.738525688547462,0.008580187439407496,2223,0.3272823941189198,0.29053668491442597
baseline_nounion_by_period,Guards,1986-1988,black,-0.03156936357684866,0.020567711028477712,-1.5348992181550123,0.13124089737130187,2223,0.3272823941189198,0.29053668491442597
baseline_nounion_by_period,Guards,1986-1988,educ_catlt_hs,-0.048497372045989195,0.02573799406722011,-1.8842716304669371,0.06546778652250916,2223,0.3272823941189198,0.29053668491442597
baseline_nounion_by_period,Guards,1986-1988,educ_caths_completion,0.02489307514421078,0.04273149621770955,0.5825463030216608,0.5628699983647838,2223,0.3272823941189198,0.29053668491442597
baseline_nounion_by_period,Guards,1986-1988,educ_catsome_college,0.04529044376816806,0.04052047530401012,1.1177174855025915,0.2691379522068003,2223,0.3272823941189198,0.29053668491442597
baseline_nounion_by_period,Guards,1986-1988,AGE,0.03843649158674163,0.0034228622204018526,11.229342319898898,3.7330951026230145e-15,2223,0.3272823941189198,0.29053668491442597
baseline_nounion_by_period,Guards,1986-1988,I(I(AGE^2)),-4.2834876218157344e-4,3.7579097962841676e-5,-11.398590849762439,2.1885201194144545e-15,2223,0.3272823941189198,0.29053668491442597
baseline_nounion_by_period,Guards,1986-1988,MSA_dummy,0.08641889440014622,0.025333576228371516,3.4112394405399495,0.0013041067785953177,2223,0.3272823941189198,0.29053668491442597
baseline_nounion_by_period,Guards,1986-1988,gov_employee,0.14423562479145038,0.031778362590535486,4.538799769199182,3.684593069617266e-5,2223,0.3272823941189198,0.29053668491442597
baseline_by_period,Guards,1989-1991,outsourced,-0.18129685036860196,0.02372094261906398,-7.64290244616577,6.742686992851479e-10,2715,0.32758867645997425,0.2820415566072555
baseline_by_period,Guards,1989-1991,union,0.201698997037777,0.025063855460740074,8.047405051218776,1.6170696184698756e-10,2715,0.32758867645997425,0.2820415566072555
baseline_by_period,Guards,1989-1991,part_time,-0.1990158382020853,0.024933525739233183,-7.981857049961115,2.0365510815346286e-10,2715,0.32758867645997425,0.2820415566072555
baseline_by_period,Guards,1989-1991,female,-0.0357465130669013,0.024983191346347012,-1.4308225306903426,0.15882793153732885,2715,0.32758867645997425,0.2820415566072555
baseline_by_period,Guards,1989-1991,hispanic,-0.0865653759792893,0.0333710970459919,-2.594022481789714,0.012475710773057936,2715,0.32758867645997425,0.2820415566072555
baseline_by_period,Guards,1989-1991,black,-0.09308108878721408,0.01467636281869579,-6.342245005597762,6.93075360285171e-8,2715,0.32758867645997425,0.2820415566072555
baseline_by_period,Guards,1989-1991,educ_catlt_hs,-0.17049488891124526,0.034884655528618545,-4.887389206735187,1.1370380559809197e-5,2715,0.32758867645997425,0.2820415566072555
baseline_by_period,Guards,1989-1991,educ_caths_completion,-0.06609222947854912,0.04500911351880338,-1.4684188225777406,0.14838121183242084,2715,0.32758867645997425,0.2820415566072555
baseline_by_period,Guards,1989-1991,educ_catsome_college,-0.0717519912749042,0.036869866776986636,-1.9460876197060257,0.05739085230324984,2715,0.32758867645997425,0.2820415566072555
baseline_by_period,Guards,1989-1991,AGE,0.033889964269596375,0.002611678127873578,12.976317375368724,1.80025065103335e-17,2715,0.32758867645997425,0.2820415566072555
baseline_by_period,Guards,1989-1991,I(I(AGE^2)),-3.6718710660715105e-4,2.8853254163706323e-5,-12.726020591085533,3.7740618999235775e-17,2715,0.32758867645997425,0.2820415566072555
baseline_by_period,Guards,1989-1991,MSA_dummy,0.1289331640292531,0.019580521954727894,6.58476644940106,2.9188537323872125e-8,2715,0.32758867645997425,0.2820415566072555
baseline_by_period,Guards,1989-1991,gov_employee,0.16779764176414402,0.026127942118659306,6.422152996286344,5.213117596545288e-8,2715,0.32758867645997425,0.2820415566072555
baseline_nounion_by_period,Guards,1989-1991,outsourced,-0.18541811037510825,0.02251543430614436,-8.235155842608307,8.36730799970305e-11,2715,0.30542101187840576,0.2583723211267379
baseline_nounion_by_period,Guards,1989-1991,part_time,-0.21952205497101546,0.025705432313637425,-8.539909085853152,2.889135039396016e-11,2715,0.30542101187840576,0.2583723211267379
baseline_nounion_by_period,Guards,1989-1991,female,-0.038371878785468896,0.025110476578146395,-1.5281222825879728,0.13291235699235046,2715,0.30542101187840576,0.2583723211267379
baseline_nounion_by_period,Guards,1989-1991,hispanic,-0.07407834903177554,0.03609088384160493,-2.052550149696787,0.04547707574022786,2715,0.30542101187840576,0.2583723211267379
baseline_nounion_by_period,Guards,1989-1991,black,-0.0842474000238731,0.01665726187307988,-5.057697997773988,6.345189907994629e-6,2715,0.30542101187840576,0.2583723211267379
baseline_nounion_by_period,Guards,1989-1991,educ_catlt_hs,-0.163832971553481,0.033037004489743615,-4.959074652314292,8.90069035241097e-6,2715,0.30542101187840576,0.2583723211267379
baseline_nounion_by_period,Guards,1989-1991,educ_caths_completion,-0.06263926307077153,0.04524062562230587,-1.3845799479812513,0.17245385285643844,2715,0.30542101187840576,0.2583723211267379
baseline_nounion_by_period,Guards,1989-1991,educ_catsome_college,-0.06747764406747425,0.03616987988139436,-1.8655755642192353,0.06809343980684662,2715,0.30542101187840576,0.2583723211267379
baseline_nounion_by_period,Guards,1989-1991,AGE,0.03728926808353571,0.002819654596629129,13.22476452545453,8.702614148231501e-18,2715,0.30542101187840576,0.2583723211267379
baseline_nounion_by_period,Guards,1989-1991,I(I(AGE^2)),-4.047239911773817e-4,3.069222668938485e-5,-13.186530754947105,9.727692493838524e-18,2715,0.30542101187840576,0.2583723211267379
baseline_nounion_by_period,Guards,1989-1991,MSA_dummy,0.12459507021219005,0.01998199645896745,6.235366444391231,1.0140767068859441e-7,2715,0.30542101187840576,0.2583723211267379
baseline_nounion_by_period,Guards,1989-1991,gov_employee,0.2212686602563117,0.0243472390130224,9.088039105295005,4.3601128525750025e-12,2715,0.30542101187840576,0.2583723211267379
baseline_by_period,Guards,1992-1994,outsourced,-0.21607222913673185,0.016561856995830605,-13.046376936543249,1.465446187441457e-17,2536,0.2886913526673066,0.24367660199049757
baseline_by_period,Guards,1992-1994,union,0.11206233954027511,0.018856771616580142,5.9428168203374945,2.866400367703936e-7,2536,0.2886913526673066,0.24367660199049757
baseline_by_period,Guards,1992-1994,part_time,-0.23068089806432432,0.022908551630543884,-10.06964131930359,1.598098293891886e-13,2536,0.2886913526673066,0.24367660199049757
baseline_by_period,Guards,1992-1994,female,-0.01922507444283674,0.019548823881816342,-0.9834389300892551,0.33022260893043187,2536,0.2886913526673066,0.24367660199049757
baseline_by_period,Guards,1992-1994,hispanic,-0.1300381744892333,0.03022873020861286,-4.301807373046137,8.06076710975731e-5,2536,0.2886913526673066,0.24367660199049757
baseline_by_period,Guards,1992-1994,black,-0.08213380662211642,0.019196731368032117,-4.278530810661444,8.697928867290558e-5,2536,0.2886913526673066,0.24367660199049757
baseline_by_period,Guards,1992-1994,educ_catlt_hs,-0.15962461433075287,0.05706386229585087,-2.797297762692085,0.007344354195431076,2536,0.2886913526673066,0.24367660199049757
baseline_by_period,Guards,1992-1994,educ_caths_completion,-0.05610711521280937,0.033550169920294144,-1.6723347555647035,0.10083274091142926,2536,0.2886913526673066,0.24367660199049757
baseline_by_period,Guards,1992-1994,educ_catsome_college,-0.007434493395527504,0.042771818620890266,-0.17381756575336288,0.8627249546492268,2536,0.2886913526673066,0.24367660199049757
baseline_by_period,Guards,1992-1994,AGE,0.03185015195166641,0.0019450682764699,16.374824645986813,1.6552145512176068e-21,2536,0.2886913526673066,0.24367660199049757
baseline_by_period,Guards,1992-1994,I(I(AGE^2)),-3.459433038135798e-4,2.2646903498280907e-5,-15.275523377394169,2.8844687964090334e-20,2536,0.2886913526673066,0.24367660199049757
baseline_by_period,Guards,1992-1994,MSA_dummy,0.0915076120080468,0.0321942956268833,2.8423548403908834,0.006510716542230527,2536,0.2886913526673066,0.24367660199049757
baseline_by_period,Guards,1992-1994,gov_employee,0.10246964630202866,0.02851824056992272,3.5931265132148487,0.00075627112525273525,2536,0.2886913526673066,0.24367660199049757
baseline_nounion_by_period,Guards,1992-1994,outsourced,-0.2229154066023819,0.01664479871002374,-13.392496387964067,5.351038895240129e-18,2536,0.28153788232690635,0.23607042847398008
baseline_nounion_by_period,Guards,1992-1994,part_time,-0.24427569114351233,0.023071772947223432,-10.587642818013673,2.922852203341329e-14,2536,0.28153788232690635,0.23607042847398008
baseline_nounion_by_period,Guards,1992-1994,female,-0.01960759657410787,0.02026920655605501,-0.9673588613290096,0.33811524378097235,2536,0.28153788232690635,0.23607042847398008
baseline_nounion_by_period,Guards,1992-1994,hispanic,-0.12167438092119832,0.032080777000198464,-3.7927504349550385,4.0965687965072823e-4,2536,0.28153788232690635,0.23607042847398008
baseline_nounion_by_period,Guards,1992-1994,black,-0.07776997268506856,0.019116063035147866,-4.068304887992697,1.71670337425348e-4,2536,0.28153788232690635,0.23607042847398008
baseline_nounion_by_period,Guards,1992-1994,educ_catlt_hs,-0.1550885970996564,0.05652605692504636,-2.7436655860376766,0.008464906359769864,2536,0.28153788232690635,0.23607042847398008
baseline_nounion_by_period,Guards,1992-1994,educ_caths_completion,-0.04685940920723668,0.03375570268040754,-1.388192378955713,0.17135794082335645,2536,0.28153788232690635,0.23607042847398008
baseline_nounion_by_period,Guards,1992-1994,educ_catsome_college,4.853352691019351e-4,0.043541019154222545,0.011146621703614119,0.9911517270240243,2536,0.28153788232690635,0.23607042847398008
baseline_nounion_by_period,Guards,1992-1994,AGE,0.03293505702777086,0.002068324332774584,15.9235456963317,5.263894263960375e-21,2536,0.28153788232690635,0.23607042847398008
baseline_nounion_by_period,Guards,1992-1994,I(I(AGE^2)),-3.565703896789817e-4,2.3928154857120293e-5,-14.901708544103524,7.865540471842846e-20,2536,0.28153788232690635,0.23607042847398008
baseline_nounion_by_period,Guards,1992-1994,MSA_dummy,0.09126016533243227,0.03311658497614726,2.755723918941637,0.008200035076554759,2536,0.28153788232690635,0.23607042847398008
baseline_nounion_by_period,Guards,1992-1994,gov_employee,0.13000210690851022,0.027415775375854674,4.741872339054991,1.8634366441890407e-5,2536,0.28153788232690635,0.23607042847398008
baseline_by_period,Guards,1995-1997,outsourced,-0.17587633880730016,0.014994387036998196,-11.729478395704382,5.743298329157212e-16,1754,0.3118922052462766,0.27570239932840246
baseline_by_period,Guards,1995-1997,union,0.14353384120202228,0.04030173133263643,3.5614807715664627,8.2065207642013e-4,1754,0.3118922052462766,0.27570239932840246
baseline_by_period,Guards,1995-1997,part_time,-0.1945946209773856,0.021145659393199397,-9.202579941298435,2.4395161678274845e-12,1754,0.3118922052462766,0.27570239932840246
baseline_by_period,Guards,1995-1997,female,-0.07249935579614541,0.027622127316571744,-2.624684006602555,0.011473913282883306,1754,0.3118922052462766,0.27570239932840246
baseline_by_period,Guards,1995-1997,hispanic,-0.02899028516237526,0.02447403911318685,-1.1845321088318035,0.24180267823909735,1754,0.3118922052462766,0.27570239932840246
baseline_by_period,Guards,1995-1997,black,-0.0522408578560561,0.019375802412935305,-2.6961906785950736,0.009531364044652536,1754,0.3118922052462766,0.27570239932840246
baseline_by_period,Guards,1995-1997,educ_catlt_hs,-0.23578620682013368,0.03870496652012496,-6.0918850478151105,1.5752852069124822e-7,1754,0.3118922052462766,0.27570239932840246
baseline_by_period,Guards,1995-1997,educ_caths_completion,-0.13187008990491741,0.02965219935335488,-4.447227955453412,4.8560668521969386e-5,1754,0.3118922052462766,0.27570239932840246
baseline_by_period,Guards,1995-1997,educ_catsome_college,-0.0875499140937971,0.046952039756724205,-1.8646668930130708,0.0681030213396794,1754,0.3118922052462766,0.27570239932840246
baseline_by_period,Guards,1995-1997,AGE,0.025920380090732997,0.004321039348281907,5.99864477073999,2.1995773291427698e-7,1754,0.3118922052462766,0.27570239932840246
baseline_by_period,Guards,1995-1997,I(I(AGE^2)),-2.8593513977924934e-4,4.654684544193463e-5,-6.142954201610553,1.311757442608538e-7,1754,0.3118922052462766,0.27570239932840246
baseline_by_period,Guards,1995-1997,MSA_dummy,0.094766907043497,0.02244946430955755,4.221343802985593,1.0230205357902573e-4,1754,0.3118922052462766,0.27570239932840246
baseline_by_period,Guards,1995-1997,gov_employee,0.12848226416370506,0.031585597095878035,4.0677484669261545,1.6833665637712108e-4,1754,0.3118922052462766,0.27570239932840246
baseline_nounion_by_period,Guards,1995-1997,outsourced,-0.1818589041185789,0.015616500420704784,-11.64530459573807,7.489311031281358e-16,1754,0.29814867904969444,0.26123605680932904
baseline_nounion_by_period,Guards,1995-1997,part_time,-0.20946361192734578,0.02266575553007786,-9.241413181633582,2.1334459907595327e-12,1754,0.29814867904969444,0.26123605680932904
baseline_nounion_by_period,Guards,1995-1997,female,-0.07605863348349572,0.025561725353131424,-2.975489034200823,0.004496815187344667,1754,0.29814867904969444,0.26123605680932904
baseline_nounion_by_period,Guards,1995-1997,hispanic,-0.020564841272399756,0.02553642047096808,-0.8053141706285566,0.424451619936815,1754,0.29814867904969444,0.26123605680932904
baseline_nounion_by_period,Guards,1995-1997,black,-0.03883609875790882,0.01979839290688176,-1.9615783432810705,0.05539139504546266,1754,0.29814867904969444,0.26123605680932904
baseline_nounion_by_period,Guards,1995-1997,educ_catlt_hs,-0.23467214157984023,0.038665256143201536,-6.069328513192906,1.7078688045245728e-7,1754,0.29814867904969444,0.26123605680932904
baseline_nounion_by_period,Guards,1995-1997,educ_caths_completion,-0.13290934817577454,0.02970608801234905,-4.474145101856666,4.439331652795166e-5,1754,0.29814867904969444,0.26123605680932904
baseline_nounion_by_period,Guards,1995-1997,educ_catsome_college,-0.08379422231788135,0.04767864793180895,-1.7574789964204875,0.08495749025275452,1754,0.29814867904969444,0.26123605680932904
baseline_nounion_by_period,Guards,1995-1997,AGE,0.026834427705245415,0.00442282700890711,6.0672569040579,1.7205884643522548e-7,1754,0.29814867904969444,0.26123605680932904
baseline_nounion_by_period,Guards,1995-1997,I(I(AGE^2)),-2.946763882676517e-4,4.78283615832457e-5,-6.161122365748715,1.2290049148139262e-7,1754,0.29814867904969444,0.26123605680932904
baseline_nounion_by_period,Guards,1995-1997,MSA_dummy,0.10183916263513323,0.023687695480864274,4.29924315421069,7.924950201382553e-5,1754,0.29814867904969444,0.26123605680932904
baseline_nounion_by_period,Guards,1995-1997,gov_employee,0.1709561941709484,0.030914345607771395,5.529995567105669,1.1651348985935563e-6,1754,0.29814867904969444,0.26123605680932904
baseline_by_period,Guards,1998-2000,outsourced,-0.11749614469500308,0.012845050820056209,-9.147191890556407,2.9543686742708755e-12,2184,0.27171600491176473,0.24160646559678323
baseline_by_period,Guards,1998-2000,union,0.10560683893859457,0.02463269967584891,4.2872620674272515,8.243305738835899e-5,2184,0.27171600491176473,0.24160646559678323
baseline_by_period,Guards,1998-2000,part_time,-0.16107357996260918,0.021120225227482865,-7.626508629889556,6.313956831539189e-10,2184,0.27171600491176473,0.24160646559678323
baseline_by_period,Guards,1998-2000,female,-0.058541961384867204,0.023248756494878613,-2.518068499610429,0.015047654429096443,2184,0.27171600491176473,0.24160646559678323
baseline_by_period,Guards,1998-2000,hispanic,-0.024134219930327584,0.019859665346044136,-1.215237996703449,0.22998264787321054,2184,0.27171600491176473,0.24160646559678323
baseline_by_period,Guards,1998-2000,black,-0.047584814862387935,0.02380879589746104,-1.998623326745489,0.05110083410213712,2184,0.27171600491176473,0.24160646559678323
baseline_by_period,Guards,1998-2000,educ_catlt_hs,-0.2984416539073569,0.035249438041466734,-8.466564872786797,3.18470268318178e-11,2184,0.27171600491176473,0.24160646559678323
baseline_by_period,Guards,1998-2000,educ_caths_completion,-0.13229808060567586,0.02880136581320906,-4.593465513534795,2.9758619155398804e-5,2184,0.27171600491176473,0.24160646559678323
baseline_by_period,Guards,1998-2000,educ_catsome_college,-0.11582238018751431,0.03380394749249423,-3.426297482364488,0.0012318240483272151,2184,0.27171600491176473,0.24160646559678323
baseline_by_period,Guards,1998-2000,AGE,0.03400227027816242,0.0034670357306588614,9.807303102613472,3.081445000386785e-13,2184,0.27171600491176473,0.24160646559678323
baseline_by_period,Guards,1998-2000,I(I(AGE^2)),-3.832830936553066e-4,4.068183301711414e-5,-9.421480430689199,1.14821170447179e-12,2184,0.27171600491176473,0.24160646559678323
baseline_by_period,Guards,1998-2000,MSA_dummy,0.056894329472339744,0.03508769127196465,1.6214896851249594,0.1112026235807134,2184,0.27171600491176473,0.24160646559678323
baseline_by_period,Guards,1998-2000,gov_employee,0.10018471307065788,0.03484339831977356,2.875285359689019,0.0059159569403653,2184,0.27171600491176473,0.24160646559678323
baseline_nounion_by_period,Guards,1998-2000,outsourced,-0.12302720767815208,0.013501736669925508,-9.111954312676641,3.33766818002347e-12,2184,0.2644899178417288,0.23408162947528377
baseline_nounion_by_period,Guards,1998-2000,part_time,-0.1694120052499538,0.021236061392407125,-7.977562417036826,1.801641289183594e-10,2184,0.2644899178417288,0.23408162947528377
baseline_nounion_by_period,Guards,1998-2000,female,-0.05804957736855696,0.022685855506609696,-2.558844534280128,0.013575886128399248,2184,0.2644899178417288,0.23408162947528377
baseline_nounion_by_period,Guards,1998-2000,hispanic,-0.022716560424359513,0.021641233359920166,-1.0496888068510395,0.29890851589592327,2184,0.2644899178417288,0.23408162947528377
baseline_nounion_by_period,Guards,1998-2000,black,-0.04379737967117365,0.02273733439779254,-1.9262319366436256,0.05976995228006496,2184,0.2644899178417288,0.23408162947528377
baseline_nounion_by_period,Guards,1998-2000,educ_catlt_hs,-0.3012650883436562,0.03535726852303932,-8.52059847743463,2.6327841847479507e-11,2184,0.2644899178417288,0.23408162947528377
baseline_nounion_by_period,Guards,1998-2000,educ_caths_completion,-0.13208984441698296,0.029003543588401213,-4.55426572323414,3.395079125101092e-5,2184,0.2644899178417288,0.23408162947528377
baseline_nounion_by_period,Guards,1998-2000,educ_catsome_college,-0.11376934099345244,0.033355116478102506,-3.410851257801529,0.001289697993941241,2184,0.2644899178417288,0.23408162947528377
baseline_nounion_by_period,Guards,1998-2000,AGE,0.03517615170163186,0.003524872367501872,9.979411460665654,1.7231040311826404e-13,2184,0.2644899178417288,0.23408162947528377
baseline_nounion_by_period,Guards,1998-2000,I(I(AGE^2)),-3.9650699843970437e-4,4.1391951770544705e-5,-9.579325967466609,6.690053208598189e-13,2184,0.2644899178417288,0.23408162947528377
baseline_nounion_by_period,Guards,1998-2000,MSA_dummy,0.060599661220726395,0.03502476724900398,1.7301945446175577,0.0897642675509122,2184,0.2644899178417288,0.23408162947528377
baseline_nounion_by_period,Guards,1998-2000,gov_employee,0.12298232832145467,0.036335275852117196,3.384653767924778,0.001393807348491459,2184,0.2644899178417288,0.23408162947528377
baseline_by_period,Guards,2001-2003,outsourced,-0.040624104628902244,0.012700788665922473,-3.198549767062963,0.0023980307801533644,2601,0.2581783076142765,0.2212476387733897
baseline_by_period,Guards,2001-2003,union,0.16229926457571986,0.03732525667464517,4.348242424437736,6.743064184265677e-5,2601,0.2581783076142765,0.2212476387733897
baseline_by_period,Guards,2001-2003,part_time,-0.2280214614994968,0.021376557011380495,-10.666893708753111,1.7511995931444585e-14,2601,0.2581783076142765,0.2212476387733897
baseline_by_period,Guards,2001-2003,female,-0.08865411522284715,0.01639846987467397,-5.40624313734087,1.8025097821151571e-6,2601,0.2581783076142765,0.2212476387733897
baseline_by_period,Guards,2001-2003,hispanic,-0.04842420464564161,0.03544831431333166,-1.3660509839089832,0.17803602978855085,2601,0.2581783076142765,0.2212476387733897
baseline_by_period,Guards,2001-2003,black,-0.06972432564476064,0.022507526003358848,-3.0978227297996024,0.0031949809299310662,2601,0.2581783076142765,0.2212476387733897
baseline_by_period,Guards,2001-2003,educ_catlt_hs,-0.28139096519322015,0.026475975120717993,-10.628162472211494,1.9888750570522422e-14,2601,0.2581783076142765,0.2212476387733897
baseline_by_period,Guards,2001-2003,educ_caths_completion,-0.18135697429127653,0.02365228932461477,-7.66762877801176,5.449432510290131e-10,2601,0.2581783076142765,0.2212476387733897
baseline_by_period,Guards,2001-2003,educ_catsome_college,-0.1420249379266179,0.021093080785649046,-6.733247711412855,1.5691369409875474e-8,2601,0.2581783076142765,0.2212476387733897
baseline_by_period,Guards,2001-2003,AGE,0.02605749815627189,0.003107713926901624,8.38478018543074,4.249874101644856e-11,2601,0.2581783076142765,0.2212476387733897
baseline_by_period,Guards,2001-2003,I(I(AGE^2)),-2.9128580058844646e-4,3.47816523044497e-5,-8.374697039656784,4.403943025137955e-11,2601,0.2581783076142765,0.2212476387733897
baseline_by_period,Guards,2001-2003,MSA_dummy,0.015167708739116471,0.0268140866383308,0.5656619576008305,0.5741534654284688,2601,0.2581783076142765,0.2212476387733897
baseline_by_period,Guards,2001-2003,gov_employee,0.0682185232442682,0.027488600627517203,2.4817022942949922,0.016480819677570053,2601,0.2581783076142765,0.2212476387733897
baseline_nounion_by_period,Guards,2001-2003,outsourced,-0.05187565640248445,0.012941815430761169,-4.008375538966669,2.0366266863211966e-4,2601,0.24048748236791406,0.2026760978302481
baseline_nounion_by_period,Guards,2001-2003,part_time,-0.24030224503343192,0.020774531855715542,-11.567155722323502,9.590158953098051e-16,2601,0.24048748236791406,0.2026760978302481
baseline_nounion_by_period,Guards,2001-2003,female,-0.09130170704293437,0.017576396043947524,-5.194563596237031,3.783640494790258e-6,2601,0.24048748236791406,0.2026760978302481
baseline_nounion_by_period,Guards,2001-2003,hispanic,-0.04377076014524799,0.03519400782219373,-1.2436992219353225,0.21940988544233858,2601,0.24048748236791406,0.2026760978302481
baseline_nounion_by_period,Guards,2001-2003,black,-0.06523003695986708,0.022206863667607234,-2.9373817904334234,0.0049942735442732545,2601,0.24048748236791406,0.2026760978302481
baseline_nounion_by_period,Guards,2001-2003,educ_catlt_hs,-0.28970993599953254,0.027268587292983013,-10.624310415746518,2.01423001624421e-14,2601,0.24048748236791406,0.2026760978302481
baseline_nounion_by_period,Guards,2001-2003,educ_caths_completion,-0.1868407245608736,0.025685988185912733,-7.274032955576335,2.2377524432354365e-9,2601,0.24048748236791406,0.2026760978302481
baseline_nounion_by_period,Guards,2001-2003,educ_catsome_college,-0.14699941508410813,0.02180989578134075,-6.740032898729948,1.5312364191496648e-8,2601,0.24048748236791406,0.2026760978302481
baseline_nounion_by_period,Guards,2001-2003,AGE,0.027601827789297352,0.0029391450616106578,9.391107689721,1.2743800694509262e-12,2601,0.24048748236791406,0.2026760978302481
baseline_nounion_by_period,Guards,2001-2003,I(I(AGE^2)),-3.0625846082111917e-4,3.382195519615976e-5,-9.055019411056776,4.065927839491645e-12,2601,0.24048748236791406,0.2026760978302481
baseline_nounion_by_period,Guards,2001-2003,MSA_dummy,0.024732598287980738,0.02854866782816975,0.8663310819559996,0.3904469356453717,2601,0.24048748236791406,0.2026760978302481
baseline_nounion_by_period,Guards,2001-2003,gov_employee,0.09401634287312136,0.030195144692142892,3.113624519162693,0.0030553425311609524,2601,0.24048748236791406,0.2026760978302481
baseline_by_period,Guards,2004-2006,outsourced,-0.05861920481776657,0.018021143613233526,-3.2528016021536246,0.0020505521637749066,2465,0.20054027351679882,0.17107056387028807
baseline_by_period,Guards,2004-2006,union,0.12870275107182366,0.03392452966895832,3.793796180160147,4.013660700190402e-4,2465,0.20054027351679882,0.17107056387028807
baseline_by_period,Guards,2004-2006,part_time,-0.21318163092673548,0.025144899315120223,-8.478126249586703,3.057557865044882e-11,2465,0.20054027351679882,0.17107056387028807
baseline_by_period,Guards,2004-2006,female,-0.07691907085395296,0.024024214767835984,-3.201730903477165,0.0023762107322139667,2465,0.20054027351679882,0.17107056387028807
baseline_by_period,Guards,2004-2006,hispanic,-0.042270098753380746,0.030801974642413372,-1.3723178219611973,0.1760898073427641,2465,0.20054027351679882,0.17107056387028807
baseline_by_period,Guards,2004-2006,black,-0.05473800439749711,0.02697374302026206,-2.029306958117721,0.047767126887713715,2465,0.20054027351679882,0.17107056387028807
baseline_by_period,Guards,2004-2006,educ_catlt_hs,-0.21924905569196806,0.03757438046761673,-5.835067749977319,3.9449111321744484e-7,2465,0.20054027351679882,0.17107056387028807
baseline_by_period,Guards,2004-2006,educ_caths_completion,-0.07290791475219294,0.024813459030320034,-2.938240680717081,0.0049825179251499025,2465,0.20054027351679882,0.17107056387028807
baseline_by_period,Guards,2004-2006,educ_catsome_college,-0.04559850488355355,0.03784304209283347,-1.2049376149965694,0.23389962156564126,2465,0.20054027351679882,0.17107056387028807
baseline_by_period,Guards,2004-2006,AGE,0.02212712012139907,0.002444827202556602,9.050586519268244,4.128948614971228e-12,2465,0.20054027351679882,0.17107056387028807
baseline_by_period,Guards,2004-2006,I(I(AGE^2)),-2.380671443061571e-4,3.0355290109211715e-5,-7.842690465142762,2.914329791556756e-10,2465,0.20054027351679882,0.17107056387028807
baseline_by_period,Guards,2004-2006,MSA_dummy,0.01951889822144313,0.03297419292368006,0.5919446843360294,0.5565549398582066,2465,0.20054027351679882,0.17107056387028807
baseline_by_period,Guards,2004-2006,gov_employee,0.0866373959591567,0.02403188321419816,3.605102238012329,7.186849643955817e-4,2465,0.20054027351679882,0.17107056387028807
baseline_nounion_by_period,Guards,2004-2006,outsourced,-0.06140493472867444,0.01787938918597921,-3.4343977912191437,0.0012024697099676975,2465,0.18893144975192155,0.15903381527773586
baseline_nounion_by_period,Guards,2004-2006,part_time,-0.2229209998915659,0.024085595305151742,-9.255366000602221,2.033196148525071e-12,2465,0.18893144975192155,0.15903381527773586
baseline_nounion_by_period,Guards,2004-2006,female,-0.07767077420630672,0.02354999197019778,-3.2981231715322075,0.001797312570996596,2465,0.18893144975192155,0.15903381527773586
baseline_nounion_by_period,Guards,2004-2006,hispanic,-0.04023129895964744,0.029819338290561503,-1.3491680656234266,0.1833612249481932,2465,0.18893144975192155,0.15903381527773586
baseline_nounion_by_period,Guards,2004-2006,black,-0.05087017013208024,0.026513565612713435,-1.9186468872254454,0.06074717216773365,2465,0.18893144975192155,0.15903381527773586
baseline_nounion_by_period,Guards,2004-2006,educ_catlt_hs,-0.21794536173905665,0.037170939021613725,-5.863326767513953,3.5667662275068757e-7,2465,0.18893144975192155,0.15903381527773586
baseline_nounion_by_period,Guards,2004-2006,educ_caths_completion,-0.0689830488859465,0.024714478825599278,-2.791199821478485,0.007416741713014841,2465,0.18893144975192155,0.15903381527773586
baseline_nounion_by_period,Guards,2004-2006,educ_catsome_college,-0.044880326725287925,0.03772974218288163,-1.1895211609914098,0.23985275881027013,2465,0.18893144975192155,0.15903381527773586
baseline_nounion_by_period,Guards,2004-2006,AGE,0.023183739564306752,0.0025385243007668293,9.13276250981859,3.105646598846719e-12,2465,0.18893144975192155,0.15903381527773586
baseline_nounion_by_period,Guards,2004-2006,I(I(AGE^2)),-2.476502573979599e-4,3.0137746271808987e-5,-8.217278596894065,7.686853615198404e-11,2465,0.18893144975192155,0.15903381527773586
baseline_nounion_by_period,Guards,2004-2006,MSA_dummy,0.01711771346161073,0.03295581102989596,0.5194141162565334,0.6057638071293732,2465,0.18893144975192155,0.15903381527773586
baseline_nounion_by_period,Guards,2004-2006,gov_employee,0.10457883004286536,0.023208625574436748,4.506032884517479,3.990697594624444e-5,2465,0.18893144975192155,0.15903381527773586
baseline_by_period,Guards,2007-2009,outsourced,-0.05928780970739836,0.019828959864613492,-2.9899606490808743,0.004320319466587881,2510,0.21220693711962502,0.1704008629986955
baseline_by_period,Guards,2007-2009,union,0.14093573571218967,0.022607918640393878,6.2339102486143005,9.464557357195863e-8,2510,0.21220693711962502,0.1704008629986955
baseline_by_period,Guards,2007-2009,part_time,-0.15890501368450452,0.0207398517069373,-7.661820148470597,5.563942327429251e-10,2510,0.21220693711962502,0.1704008629986955
baseline_by_period,Guards,2007-2009,female,-0.09347419136090826,0.01870514479977995,-4.997245001920963,7.5042678630747865e-6,2510,0.21220693711962502,0.1704008629986955
baseline_by_period,Guards,2007-2009,hispanic,-0.0692219289637117,0.029091573801106153,-2.3794494391045857,0.021195436024058663,2510,0.21220693711962502,0.1704008629986955
baseline_by_period,Guards,2007-2009,black,-0.04700556252260464,0.02109005036051501,-2.2288027633451697,0.030351650712711287,2510,0.21220693711962502,0.1704008629986955
baseline_by_period,Guards,2007-2009,educ_catlt_hs,-0.21427292902655057,0.03195731616687345,-6.704972592431375,1.737437488687513e-8,2510,0.21220693711962502,0.1704008629986955
baseline_by_period,Guards,2007-2009,educ_caths_completion,-0.12108178209164572,0.02920668838596687,-4.145686785559114,1.308653325963159e-4,2510,0.21220693711962502,0.1704008629986955
baseline_by_period,Guards,2007-2009,educ_catsome_college,-0.09698470422928546,0.031511040716791026,-3.0778007334301094,0.003380522194808042,2510,0.21220693711962502,0.1704008629986955
baseline_by_period,Guards,2007-2009,AGE,0.02832675000892291,0.002364745299785843,11.97877420942046,2.6306670471717483e-16,2510,0.21220693711962502,0.1704008629986955
baseline_by_period,Guards,2007-2009,I(I(AGE^2)),-3.001964911339488e-4,2.5354783705768665e-5,-11.839836403954365,4.0608910901314336e-16,2510,0.21220693711962502,0.1704008629986955
baseline_by_period,Guards,2007-2009,MSA_dummy,0.030997884876140806,0.032272635331447135,0.960500577587967,0.341425357133893,2510,0.21220693711962502,0.1704008629986955
baseline_by_period,Guards,2007-2009,gov_employee,0.0982886013785624,0.017843801513924475,5.508276994779534,1.2580376210237396e-6,2510,0.21220693711962502,0.1704008629986955
baseline_nounion_by_period,Guards,2007-2009,outsourced,-0.061676861836757434,0.019558548175472725,-3.153447857346739,0.0027284368266507837,2510,0.19980371822036713,0.1573394383940654
baseline_nounion_by_period,Guards,2007-2009,part_time,-0.17124556573035718,0.019460328482242238,-8.799726370838016,9.890867530646622e-12,2510,0.19980371822036713,0.1573394383940654
baseline_nounion_by_period,Guards,2007-2009,female,-0.09233172673850172,0.01878837181589061,-4.914301656538991,9.986437882370543e-6,2510,0.19980371822036713,0.1573394383940654
baseline_nounion_by_period,Guards,2007-2009,hispanic,-0.07209276437294412,0.0295133764277768,-2.442714900796417,0.018153466966413224,2510,0.19980371822036713,0.1573394383940654
baseline_nounion_by_period,Guards,2007-2009,black,-0.04992830144412655,0.021217189245643402,-2.353200551971251,0.022586534739257952,2510,0.19980371822036713,0.1573394383940654
baseline_nounion_by_period,Guards,2007-2009,educ_catlt_hs,-0.22180166891453895,0.032533298417420864,-6.817681566396878,1.1574973122183936e-8,2510,0.19980371822036713,0.1573394383940654
baseline_nounion_by_period,Guards,2007-2009,educ_caths_completion,-0.12474862265905036,0.03070557822836434,-4.062734846784731,1.7107411105026963e-4,2510,0.19980371822036713,0.1573394383940654
baseline_nounion_by_period,Guards,2007-2009,educ_catsome_college,-0.09853993020248039,0.03219980285754676,-3.0602650158581732,0.0035512772378384636,2510,0.19980371822036713,0.1573394383940654
baseline_nounion_by_period,Guards,2007-2009,AGE,0.029799594821301657,0.002366734508306625,12.591017165935932,3.99997537067047e-17,2510,0.19980371822036713,0.1573394383940654
baseline_nounion_by_period,Guards,2007-2009,I(I(AGE^2)),-3.142293364690546e-4,2.5512895358589478e-5,-12.316490623760679,9.252395262848833e-17,2510,0.19980371822036713,0.1573394383940654
baseline_nounion_by_period,Guards,2007-2009,MSA_dummy,0.03147923500699343,0.03216857389803031,0.9785710459772949,0.3325031930641904,2510,0.19980371822036713,0.1573394383940654
baseline_nounion_by_period,Guards,2007-2009,gov_employee,0.12177544137261213,0.017304995860655377,7.037010719516013,5.2519485834019285e-9,2510,0.19980371822036713,0.1573394383940654
baseline_by_period,Guards,2010-2012,outsourced,-0.04772418206811059,0.020218714026324656,-2.360396512160663,0.022197260443535597,2714,0.2198919905686223,0.18834148180901744
baseline_by_period,Guards,2010-2012,union,0.12838615433583173,0.02709809692543909,4.737829180000669,1.8258148682798607e-5,2714,0.2198919905686223,0.18834148180901744
baseline_by_period,Guards,2010-2012,part_time,-0.20552186087276314,0.01383298648441477,-14.857374515931085,5.663995675237803e-20,2714,0.2198919905686223,0.18834148180901744
baseline_by_period,Guards,2010-2012,female,-0.05634287348015795,0.021407235442952106,-2.6319546786088015,0.011261025299730179,2714,0.2198919905686223,0.18834148180901744
baseline_by_period,Guards,2010-2012,hispanic,-0.03640215711087583,0.01864659948123526,-1.9522142440775123,0.05652370910883636,2714,0.2198919905686223,0.18834148180901744
baseline_by_period,Guards,2010-2012,black,-0.06289476594901025,0.013176996763068738,-4.773072884504749,1.6193895444590847e-5,2714,0.2198919905686223,0.18834148180901744
baseline_by_period,Guards,2010-2012,educ_catlt_hs,-0.3064107268559299,0.033205107133365185,-9.227819251576575,2.2359133661809402e-12,2714,0.2198919905686223,0.18834148180901744
baseline_by_period,Guards,2010-2012,educ_caths_completion,-0.16543808402144242,0.023749388950116898,-6.965993288034811,6.78305270618131e-9,2714,0.2198919905686223,0.18834148180901744
baseline_by_period,Guards,2010-2012,educ_catsome_college,-0.13912666234030793,0.01965831872282746,-7.07724115688248,4.543554795954044e-9,2714,0.2198919905686223,0.18834148180901744
baseline_by_period,Guards,2010-2012,AGE,0.02610445356266121,0.0019797394484928612,13.185802597677206,6.720104019161564e-18,2714,0.2198919905686223,0.18834148180901744
baseline_by_period,Guards,2010-2012,I(I(AGE^2)),-2.6353930724866913e-4,2.0602098408342012e-5,-12.791867217853849,2.1790385230390763e-17,2714,0.2198919905686223,0.18834148180901744
baseline_by_period,Guards,2010-2012,MSA_dummy,0.032036223252771556,0.025994600319662404,1.2324183814643708,0.22355668913201224,2714,0.2198919905686223,0.18834148180901744
baseline_by_period,Guards,2010-2012,gov_employee,0.08605888144040444,0.025871325803789917,3.3264194534552067,0.0016545328907458237,2714,0.2198919905686223,0.18834148180901744
baseline_nounion_by_period,Guards,2010-2012,outsourced,-0.04923283668250125,0.0200380659221107,-2.4569655012550897,0.017525092640246948,2714,0.20932624574417302,0.17734841843302762
baseline_nounion_by_period,Guards,2010-2012,part_time,-0.21723633705111317,0.014098871208219654,-15.408065925480914,1.2641634691402191e-20,2714,0.20932624574417302,0.17734841843302762
baseline_nounion_by_period,Guards,2010-2012,female,-0.05721329855763038,0.020385423481662324,-2.8065788581285305,0.007118323209683516,2714,0.20932624574417302,0.17734841843302762
baseline_nounion_by_period,Guards,2010-2012,hispanic,-0.03340546793001646,0.018072512851613383,-1.8484130128608132,0.07046067866569962,2714,0.20932624574417302,0.17734841843302762
baseline_nounion_by_period,Guards,2010-2012,black,-0.05719077801503168,0.01484380203272213,-3.8528389080478562,3.3356378890177967e-4,2714,0.20932624574417302,0.17734841843302762
baseline_nounion_by_period,Guards,2010-2012,educ_catlt_hs,-0.31416116209514094,0.03584439708410572,-8.764582128637551,1.1183991820374274e-11,2714,0.20932624574417302,0.17734841843302762
baseline_nounion_by_period,Guards,2010-2012,educ_caths_completion,-0.17022613292064265,0.023231268228489664,-7.327457599231963,1.8466735538766858e-9,2714,0.20932624574417302,0.17734841843302762
baseline_nounion_by_period,Guards,2010-2012,educ_catsome_college,-0.14070255297829873,0.019337012549625335,-7.27633354000305,2.21931474060303e-9,2714,0.20932624574417302,0.17734841843302762
baseline_nounion_by_period,Guards,2010-2012,AGE,0.027500135401388195,0.002217508855434035,12.401364411239554,7.131941990658654e-17,2714,0.20932624574417302,0.17734841843302762
baseline_nounion_by_period,Guards,2010-2012,I(I(AGE^2)),-2.7735552091141206e-4,2.2708141316975598e-5,-12.213924382444873,1.268830635801026e-16,2714,0.20932624574417302,0.17734841843302762
baseline_nounion_by_period,Guards,2010-2012,MSA_dummy,0.027661828146397976,0.027371020254417785,1.0106246639429983,0.3170619604040156,2714,0.20932624574417302,0.17734841843302762
baseline_nounion_by_period,Guards,2010-2012,gov_employee,0.11477836763875962,0.025423574801643912,4.514643142605498,3.8773589818471925e-5,2714,0.20932624574417302,0.17734841843302762
baseline_by_period,Guards,2013-2015,outsourced,-0.08667934390997828,0.01865428077041777,-4.646619453023118,2.487385082154604e-5,2373,0.2157944833331048,0.19835360896136722
baseline_by_period,Guards,2013-2015,union,0.21923857000099808,0.03168262874816494,6.919835211391555,8.010355405107401e-9,2373,0.2157944833331048,0.19835360896136722
baseline_by_period,Guards,2013-2015,part_time,-0.17630007571282671,0.024671799457115284,-7.145813422295074,3.5495410369417927e-9,2373,0.2157944833331048,0.19835360896136722
baseline_by_period,Guards,2013-2015,female,-0.03659203350797488,0.013269576658171354,-2.7575886142111132,0.008109592452580095,2373,0.2157944833331048,0.19835360896136722
baseline_by_period,Guards,2013-2015,hispanic,-0.019276017122911177,0.014365284863013155,-1.3418471897164999,0.18570781686706334,2373,0.2157944833331048,0.19835360896136722
baseline_by_period,Guards,2013-2015,black,-0.048315541754497836,0.015697357456640634,-3.0779411049251704,0.0033791869133884943,2373,0.2157944833331048,0.19835360896136722
baseline_by_period,Guards,2013-2015,educ_catlt_hs,-0.228126742625051,0.02680639180869329,-8.510162212546252,2.7313090151028085e-11,2373,0.2157944833331048,0.19835360896136722
baseline_by_period,Guards,2013-2015,educ_caths_completion,-0.08831518867221701,0.024664992614209607,-3.5805884904801575,7.743914853556248e-4,2373,0.2157944833331048,0.19835360896136722
baseline_by_period,Guards,2013-2015,educ_catsome_college,-0.05619311154984558,0.01926112061486383,-2.917437291082705,0.005274624988930008,2373,0.2157944833331048,0.19835360896136722
baseline_by_period,Guards,2013-2015,AGE,0.02849213548242982,0.00392767351707779,7.254201592506121,2.403191139772717e-9,2373,0.2157944833331048,0.19835360896136722
baseline_by_period,Guards,2013-2015,I(I(AGE^2)),-2.891827251584344e-4,4.699039020476262e-5,-6.154082226138332,1.2604357702331423e-7,2373,0.2157944833331048,0.19835360896136722
baseline_by_period,Guards,2013-2015,MSA_dummy,0.06089542378954383,0.03057756248316923,1.9915068057848766,0.051902101103239666,2373,0.2157944833331048,0.19835360896136722
baseline_by_period,Guards,2013-2015,gov_employee,0.03360577723063002,0.02178039238738996,1.542937180970464,0.12915203229320507,2373,0.2157944833331048,0.19835360896136722
baseline_nounion_by_period,Guards,2013-2015,outsourced,-0.08955829256639473,0.01879802883679537,-4.764238492447294,1.668873582078571e-5,2373,0.18213184171231733,0.16394230402331011
baseline_nounion_by_period,Guards,2013-2015,part_time,-0.1938043070411804,0.024440756813767273,-7.92955424899167,2.1377600540145593e-10,2373,0.18213184171231733,0.16394230402331011
baseline_nounion_by_period,Guards,2013-2015,female,-0.04371011823426233,0.013387072543271731,-3.2650990792031522,0.0019786909876133734,2373,0.18213184171231733,0.16394230402331011
baseline_nounion_by_period,Guards,2013-2015,hispanic,-0.015738123344858877,0.017618764783456652,-0.8932591778304672,0.37599775592937856,2373,0.18213184171231733,0.16394230402331011
baseline_nounion_by_period,Guards,2013-2015,black,-0.050341648061558913,0.01497764023025008,-3.36112012891622,0.0014940924650104028,2373,0.18213184171231733,0.16394230402331011
baseline_nounion_by_period,Guards,2013-2015,educ_catlt_hs,-0.23192905233708308,0.029979901374821757,-7.73615127806477,4.264519183417169e-10,2373,0.18213184171231733,0.16394230402331011
baseline_nounion_by_period,Guards,2013-2015,educ_caths_completion,-0.08788655419420716,0.027249156747029813,-3.2252944562692525,0.0022203180160351734,2373,0.18213184171231733,0.16394230402331011
baseline_nounion_by_period,Guards,2013-2015,educ_catsome_college,-0.04954832546393905,0.02050108049896395,-2.416864099745525,0.01934542070903727,2373,0.18213184171231733,0.16394230402331011
baseline_nounion_by_period,Guards,2013-2015,AGE,0.030676519648269035,0.004014513982962118,7.6414031134185505,5.985952934684709e-10,2373,0.18213184171231733,0.16394230402331011
baseline_nounion_by_period,Guards,2013-2015,I(I(AGE^2)),-3.112250277079755e-4,4.799540918767148e-5,-6.484474931571569,3.8443349795435814e-8,2373,0.18213184171231733,0.16394230402331011
baseline_nounion_by_period,Guards,2013-2015,MSA_dummy,0.06640856374290521,0.031677224057156124,2.0964136132346174,0.04112637937086838,2373,0.18213184171231733,0.16394230402331011
baseline_nounion_by_period,Guards,2013-2015,gov_employee,0.10014174058693612,0.024634978176523267,4.065022500501728,1.6981973707153955e-4,2373,0.18213184171231733,0.16394230402331011
baseline_by_period,Guards,2016-2019,outsourced,-0.05630103425809277,0.014563888882532934,-3.8657967464731824,3.2023501611165036e-4,3156,0.19482707338707572,0.1624549475912055
baseline_by_period,Guards,2016-2019,union,0.12410906265711849,0.02734921808527952,4.537938242699491,3.5862589357564626e-5,3156,0.19482707338707572,0.1624549475912055
baseline_by_period,Guards,2016-2019,part_time,-0.1567297577741857,0.01800534730238752,-8.704622862420614,1.379602359109071e-11,3156,0.19482707338707572,0.1624549475912055
baseline_by_period,Guards,2016-2019,female,-0.07953618018558559,0.013162588173782712,-6.042594293423692,1.8794554829163613e-7,3156,0.19482707338707572,0.1624549475912055
baseline_by_period,Guards,2016-2019,hispanic,-0.014566894094562969,0.023047001474435527,-0.6320515972857048,0.5302327532716211,3156,0.19482707338707572,0.1624549475912055
baseline_by_period,Guards,2016-2019,black,-0.07736722974948358,0.016017871695839785,-4.830056777741431,1.3330881544618022e-5,3156,0.19482707338707572,0.1624549475912055
baseline_by_period,Guards,2016-2019,educ_catlt_hs,-0.26775568447981957,0.03167640430764656,-8.452843380812146,3.342531029273708e-11,3156,0.19482707338707572,0.1624549475912055
baseline_by_period,Guards,2016-2019,educ_caths_completion,-0.15109202948655787,0.025559649151461604,-5.911349901214032,3.004967987784313e-7,3156,0.19482707338707572,0.1624549475912055
baseline_by_period,Guards,2016-2019,educ_catsome_college,-0.10598356474327474,0.026901754247280953,-3.939652550873586,2.5353225084875854e-4,3156,0.19482707338707572,0.1624549475912055
baseline_by_period,Guards,2016-2019,AGE,0.02437059394544186,0.0031625989806559145,7.70587548231849,4.752301038688197e-10,3156,0.19482707338707572,0.1624549475912055
baseline_by_period,Guards,2016-2019,I(I(AGE^2)),-2.504697877322077e-4,3.5814440011641394e-5,-6.9935419247318436,6.142182259831122e-9,3156,0.19482707338707572,0.1624549475912055
baseline_by_period,Guards,2016-2019,MSA_dummy,0.05420494482105207,0.02384502771548835,2.2732179416106812,0.027342647201737767,3156,0.19482707338707572,0.1624549475912055
baseline_by_period,Guards,2016-2019,gov_employee,0.07151188454240137,0.01960431369274513,3.6477627150429353,6.307628060396656e-4,3156,0.19482707338707572,0.1624549475912055
baseline_nounion_by_period,Guards,2016-2019,outsourced,-0.05715580887671523,0.014332983093912136,-3.9877120137671747,2.175632906684765e-4,3156,0.18351405156949552,0.15068708364803285
baseline_nounion_by_period,Guards,2016-2019,part_time,-0.16331285605005466,0.01810609286029698,-9.019773471291916,4.595097271455248e-12,3156,0.18351405156949552,0.15068708364803285
baseline_nounion_by_period,Guards,2016-2019,female,-0.08249024598778243,0.012988495001992353,-6.351024192959149,6.213523750924299e-8,3156,0.18351405156949552,0.15068708364803285
baseline_nounion_by_period,Guards,2016-2019,hispanic,-0.013978032738568359,0.022241962900565942,-0.6284531990750102,0.5325675310032306,3156,0.18351405156949552,0.15068708364803285
baseline_nounion_by_period,Guards,2016-2019,black,-0.07570109811621442,0.015461829472875893,-4.895998772267798,1.0634522882701523e-5,3156,0.18351405156949552,0.15068708364803285
baseline_nounion_by_period,Guards,2016-2019,educ_catlt_hs,-0.276094616235835,0.0326967835866226,-8.444091006822916,3.447293514031534e-11,3156,0.18351405156949552,0.15068708364803285
baseline_nounion_by_period,Guards,2016-2019,educ_caths_completion,-0.14825093689996674,0.025494460627702224,-5.8150254310098095,4.2369890709033884e-7,3156,0.18351405156949552,0.15068708364803285
baseline_nounion_by_period,Guards,2016-2019,educ_catsome_college,-0.10452897112854523,0.02649861111166624,-3.944696221551229,2.49503079725612e-4,3156,0.18351405156949552,0.15068708364803285
baseline_nounion_by_period,Guards,2016-2019,AGE,0.02555666940606753,0.0032098590581117917,7.961928839673512,1.9048178746294373e-10,3156,0.18351405156949552,0.15068708364803285
baseline_nounion_by_period,Guards,2016-2019,I(I(AGE^2)),-2.611939176258289e-4,3.6904005405447605e-5,-7.077657689354029,4.536744624464889e-9,3156,0.18351405156949552,0.15068708364803285
baseline_nounion_by_period,Guards,2016-2019,MSA_dummy,0.06919367731980802,0.023723725471282067,2.9166446645813715,0.005286063514166684,3156,0.18351405156949552,0.15068708364803285
baseline_nounion_by_period,Guards,2016-2019,gov_employee,0.10484281176060745,0.021044316149118877,4.982001364059397,7.909678313090736e-6,3156,0.18351405156949552,0.15068708364803285
baseline_by_period,Guards,2021-2025,outsourced,-0.011676570334867596,0.016765997236864963,-0.6964435321027748,0.48937624729820517,2444,0.11356822832697622,0.07041512503146308
baseline_by_period,Guards,2021-2025,union,0.06967931638486682,0.028225413332069463,2.4686730204832044,0.017023624588536457,2444,0.11356822832697622,0.07041512503146308
baseline_by_period,Guards,2021-2025,part_time,-0.08905952517185253,0.031674672891457985,-2.8116951823635117,0.007021532269489942,2444,0.11356822832697622,0.07041512503146308
baseline_by_period,Guards,2021-2025,female,-0.06968951792275045,0.024821007239812794,-2.8076829134866355,0.007097332815700598,2444,0.11356822832697622,0.07041512503146308
baseline_by_period,Guards,2021-2025,hispanic,-0.01607293918969252,0.019539245927771207,-0.8225977219954015,0.41464270148786375,2444,0.11356822832697622,0.07041512503146308
baseline_by_period,Guards,2021-2025,black,-0.03870511426963496,0.018817288207803363,-2.056891186562381,0.04493257291336265,2444,0.11356822832697622,0.07041512503146308
baseline_by_period,Guards,2021-2025,educ_catlt_hs,-0.20529761112492179,0.03302235212462293,-6.216928774490379,1.0059565186071143e-7,2444,0.11356822832697622,0.07041512503146308
baseline_by_period,Guards,2021-2025,educ_caths_completion,-0.10868274131255262,0.02749624693003748,-3.952639121589547,2.4328294268383918e-4,2444,0.11356822832697622,0.07041512503146308
baseline_by_period,Guards,2021-2025,educ_catsome_college,-0.0738238210162755,0.029575600492725028,-2.496105566290517,0.01589903647551149,2444,0.11356822832697622,0.07041512503146308
baseline_by_period,Guards,2021-2025,AGE,0.018284556931943037,0.0029776530195270872,6.140593552047579,1.3229092878196748e-7,2444,0.11356822832697622,0.07041512503146308
baseline_by_period,Guards,2021-2025,I(I(AGE^2)),-1.9318090069521285e-4,3.389247053934821e-5,-5.699817617925941,6.383527577630769e-7,2444,0.11356822832697622,0.07041512503146308
baseline_by_period,Guards,2021-2025,MSA_dummy,0.027530684935493918,0.028900604514127518,0.9525989299648061,0.34537590752623093,2444,0.11356822832697622,0.07041512503146308
baseline_by_period,Guards,2021-2025,gov_employee,0.039535972924638604,0.02438601306727057,1.6212561198739532,0.11125282351055323,2444,0.11356822832697622,0.07041512503146308
baseline_nounion_by_period,Guards,2021-2025,outsourced,-0.012374231486745754,0.01649896535856315,-0.7500004526237392,0.45676916087858255,2444,0.11064981860547873,0.06735464184171369
baseline_nounion_by_period,Guards,2021-2025,part_time,-0.09156236760411482,0.03183587991708589,-2.8760746630085925,0.005903309921907645,2444,0.11064981860547873,0.06735464184171369
baseline_nounion_by_period,Guards,2021-2025,female,-0.06976623896813657,0.025002844365634495,-2.7903320897372677,0.007433919102988694,2444,0.11064981860547873,0.06735464184171369
baseline_nounion_by_period,Guards,2021-2025,hispanic,-0.015237271921195547,0.019982359335720675,-0.7625361782958852,0.449322584789816,2444,0.11064981860547873,0.06735464184171369
baseline_nounion_by_period,Guards,2021-2025,black,-0.038728358519125095,0.01876439438854426,-2.0639279753557576,0.04423329535127816,2444,0.11064981860547873,0.06735464184171369
baseline_nounion_by_period,Guards,2021-2025,educ_catlt_hs,-0.2134089878480202,0.03328987268389348,-6.410627937044443,5.014602538534197e-8,2444,0.11064981860547873,0.06735464184171369
baseline_nounion_by_period,Guards,2021-2025,educ_caths_completion,-0.11352130502776217,0.02745806727021453,-4.134351624628212,1.3576277482766247e-4,2444,0.11064981860547873,0.06735464184171369
baseline_nounion_by_period,Guards,2021-2025,educ_catsome_college,-0.07685289914004832,0.029166373448205933,-2.6349830319674403,0.011173424586321501,2444,0.11064981860547873,0.06735464184171369
baseline_nounion_by_period,Guards,2021-2025,AGE,0.018758421287926257,0.002957160473488099,6.343389699714161,6.386445632963106e-8,2444,0.11064981860547873,0.06735464184171369
baseline_nounion_by_period,Guards,2021-2025,I(I(AGE^2)),-1.975356474398156e-4,3.407889289007947e-5,-5.796422086743293,4.527272861423477e-7,2444,0.11064981860547873,0.06735464184171369
baseline_nounion_by_period,Guards,2021-2025,MSA_dummy,0.027892675129388665,0.028797120476613643,0.9685925074363082,0.33741067597081464,2444,0.11064981860547873,0.06735464184171369
baseline_nounion_by_period,Guards,2021-2025,gov_employee,0.058365300335368506,0.022572292166987203,2.5857055146898142,0.012679241190448099,2444,0.11064981860547873,0.06735464184171369
